1502999994232310   000000 000000 N07 00245000000245000000040800000040800000000000000000005162000ED6996556                                                                                                                                                                                                1604 BAYVIEW AVE         231020194590012923062223081400032    00015  01                        000000000000000000000000000                       000000000000000000000000000                       000000000000000000000000000                       000000000000000000000000000                       000000000000000000000000000     23 1 00000000007  000000   Y00000000000
1502999994232311   000000 000000 N04 00000000100000000100108110000108110000000000000000000000000 E7001357                                                                                                                                                                                                1711 SEAVIEW AVE         231201195100101323101323101300033    00021                            000000000000000000000000000                       000000000000000000000000000                       000000000000000000000000000                       000000000000000000000000000                       000000000000000000000000000     23 1 00000000004  000000   Y00000000000
1502999994232405   000000 000000 N07 00245000000245000000040400000040400000000000000000005162000ED7009729                                                                                                                                                                                                1606 BAYVIEW AVE         240510196660060224040424042500032    00014  01                        000000000000000000000000000                       000000000000000000000000000                       000000000000000000000000000                       000000000000000000000000000                       000000000000000000000000000     24 1 00000000007  000000   Y00000000000
1502999994232405   000000 000000 N07 00249900000249900000032850000032850000000000000000005270290ED7009730                                                                                                                                                                                                1608 BAYVIEW AVE         240510196690135124040424043000032    00013  01                        000000000000000000000000000                       000000000000000000000000000                       000000000000000000000000000                       000000000000000000000000000                       000000000000000000000000000     24 1 00000000007  000000   Y00000000000
1502999994232405   000000 000000 N07 00689900000689900000240540000240540000000000000000014994290ED7010744                                                                                                                                                                                                12 E 30 ST               240531196840061424042324051600057    00014                            000000000000000000000000000                       000000000000000000000000000                       000000000000000000000000000                       000000000000000000000000000                       000000000000000000000000000     24 1 00000000007  000000   Y00000000000
1502999994232407   000000 000000 N07 00234800000234800000052250000052250000000000000000004936580ED7012088                                                                                                                                                                                                2 E 28 ST                240705197060152824052324061100053    00004  01                        000000000000000000000000000                       000000000000000000000000000                       000000000000000000000000000                       000000000000000000000000000                       000000000000000000000000000     24 1 00000000007  000000   Y00000000000
1502999994232407   000000 000000 N07 00249900000249900000032500000032500000000000000000005270290ED7012091                                                                                                                                                                                                1610 BAYVIEW AVE         240705197090158824061124061400032    00012  01                        000000000000000000000000000                       000000000000000000000000000                       000000000000000000000000000                       000000000000000000000000000                       000000000000000000000000000     24 1 00000000007  000000   Y00000000000
1502999994232404   000000 000000 U   00080000000080000000038000000038000000000000004750000730500E 7008662                                                                                                                                                                                                12 W 5 ST                240426195960039824010324020100010    00015                            000000000000000000000000000                       000000000000000000000000000                       000000000000000000000000000                       000000000000000000000000000                       000000000000000000000000000     24 1 000000000   R240430   Y00000000000
1502999994232310   000000 000000 N04 00000000100000000100035000000061940000026940000000000000000 E6995737                                                                                                                                                                                                902 CENTRAL AVE          231020194220128723062923070600017    00001                            000000000000000000000000000                       000000000000000000000000000                       000000000000000000000000000                       000000000000000000000000000                       000000000000000000000000000     23 2 00000000004  000000   Y19870002016
1502999994232310   000000 000000 N04 00000000100000000100129400000169080000039680000000000000000 E6995739                                                                                                                                                                                                1001 SEAVIEW AVE         231020194280116223010223071200019    00031                            000000000000000000000000000                       000000000000000000000000000                       000000000000000000000000000                       000000000000000000000000000                       000000000000000000000000000     23 2 00000000004  000000   Y19530003280
1502999994232310   000000 000000 N04 00000000000000000000042500000069190000026690000000000000000 E6995855                                                                                                                                                                                                2104 CENTRAL AVE         231020194430161823041123072800041    00001                            000000000000000000000000000                       000000000000000000000000000                       000000000000000000000000000                       000000000000000000000000000                       000000000000000000000000000     23 2 00000000004  000000   Y19520001512
1502999994232310   000000 000000 N08 00045000000045000000035000000061940000026940000000000369500E 6996434                                                                                                                                                                                                902 CENTRAL AVE          231020194550122223080223081000017    00001                            000000000000000000000000000                       000000000000000000000000000                       000000000000000000000000000                       000000000000000000000000000                       000000000000000000000000000     23 2 00000000008 R231116   Y19870002016
1502999994232310   000000 000000 N01 00035000000035000000037500000056990000019490000000000000000 E6996555                                                                                                                                                                                                12 W 22 ST               231020194560156423061323081100044    00015                            000000000000000000000000000                       000000000000000000000000000                       000000000000000000000000000                       000000000000000000000000000                       000000000000000000000000000     23 2 000000000   R231116   Y19650001914
1502999994232310   000000 000000 N05 00000000100000000100041700000070290000028590000000000000000 E6997404                                                                                                                                                                                                11 W 25 ST               231020194630029722102623081800048    00016                            000000000000000000000000000                       000000000000000000000000000                       000000000000000000000000000                       000000000000000000000000000                       000000000000000000000000000     22 2 00000000004  000000   Y19810001632
1502999994232310   000000 000000 N04 00000000100000000100116090000173740000057650000000000000000 E6998720                                                                                                                                                                                                1207 SEAVIEW AVE         231020194860050423082923091500023    00026                            000000000000000000000000000                       000000000000000000000000000                       000000000000000000000000000                       000000000000000000000000000                       000000000000000000000000000     23 2 00000000004  000000   Y19860003480
1502999994232310   000000 000000 N08 00300000000300000000067500000077870000010370000000006377500E 6999776                                                                                                                                                                                                11 E 28 ST               231027195010182423092523100300055    00013                            000000000000000000000000000                       000000000000000000000000000                       000000000000000000000000000                       000000000000000000000000000                       000000000000000000000000000     23 2 00000000008 R231102   Y19320001466
1502999994232311   000000 000000 N04 00000000100000000100071880000101910000030030000000000000000 E7001358                                                                                                                                                                                                11 E 23 ST               231201195160095323092823102000045    00015                            000000000000000000000000000                       000000000000000000000000000                       000000000000000000000000000                       000000000000000000000000000                       000000000000000000000000000     23 2 00000000004  000000   Y19780001581
1502999994232311   000000 000000 N04 00000000100000000100057500000071190000013690000000000000000 E7001359                                                                                                                                                                                                8 E 29 ST                231201195170037723100323102300055    00010                            000000000000000000000000000                       000000000000000000000000000                       000000000000000000000000000                       000000000000000000000000000                       000000000000000000000000000     23 2 00000000004  000000   Y19650001104
1502999994232312   000000 000000 N04 00000000100000000100050000000063960000013960000000000000000 E7002058                                                                                                                                                                                                5 E 10 ST                231208195370020023103023111400019    00007                            000000000000000000000000000                       000000000000000000000000000                       000000000000000000000000000                       000000000000000000000000000                       000000000000000000000000000     23 2 00000000004  000000   Y19550000864
1502999994232312   000000 000000 N04 00000001000000001000025000000042920000017920000000000000000 E7002599                                                                                                                                                                                                8 E 18 ST-UNIT B         231222195470126323111023112800033    00010                            000000000000000000000000000                       000000000000000000000000000                       000000000000000000000000000                       000000000000000000000000000                       000000000000000000000000000C02  23 2 00000000004  000000 Y Y19980000840
1502999994232401   000000 000000 N04 00000001000000001000032500000052730000020230000000000000000 E7003599                                                                                                                                                                                                19 W 9 ST                240112195520156023112823120500016    00022                            000000000000000000000000000                       000000000000000000000000000                       000000000000000000000000000                       000000000000000000000000000                       000000000000000000000000000     23 2 00000000004  000000   Y19670001512
1502999994232401   000000 000000 N10 00000000100000000100042260000064320000022060000000000000000 E7003602                                                                                                                                                                                                2 W 4 ST                 240112195630185823112023121900008    00002                            000000000000000000000000000                       000000000000000000000000000                       000000000000000000000000000                       000000000000000000000000000                       000000000000000000000000000     23 2 00000000010  000000   Y19700001668
1502999994232401   000000 000000 N04 00000001000000001000035750000048900000013150000000000000000 E7003604                                                                                                                                                                                                7 W 27 ST                240112195680100323122123122600052    00010                            000000000000000000000000000                       000000000000000000000000000                       000000000000000000000000000                       000000000000000000000000000                       000000000000000000000000000     23 2 00000000004  000000   Y19640000972
1502999994232402   000000 000000 N04 00000000100000000100161640000193070000031430000000000000000 E7004579                                                                                                                                                                                                2111 SEAVIEW AVE         240202195690063323121823122700041    00019                            000000000000000000000000000                       000000000000000000000000000                       000000000000000000000000000                       000000000000000000000000000                       000000000000000000000000000     23 2 00000000004  000000   Y20000002884
1502999994232402   000000 000000 N04 00000000100000000100050000000059420000009420000000000000000 E7004580                                                                                                                                                                                                15 E 10 ST               240202195740179423103024010400019    00017                            000000000000000000000000000                       000000000000000000000000000                       000000000000000000000000000                       000000000000000000000000000                       000000000000000000000000000     23 2 00000000004  000000   Y19600001260
1502999994232402   000000 000000 N10 00000000100000000100050000000112730000062730000000000000000 E7004581                                                                                                                                                                                                5 E 13 ST                240202195740184523121824010400025    00009                            000000000000000000000000000                       000000000000000000000000000                       000000000000000000000000000                       000000000000000000000000000                       000000000000000000000000000     23 2 00000000010  000000   Y20010002973
1502999994232404   000000 000000 N04 00000000100000000100055580000062040000006460000000000000000 E7008658                                                                                                                                                                                                5 E 11 ST                240426195810180223122024011200021    00007                            000000000000000000000000000                       000000000000000000000000000                       000000000000000000000000000                       000000000000000000000000000                       000000000000000000000000000     23 2 00000000004  000000   Y19260001152
1502999994232404   000000 000000 N04 00000000100000000100040170000093570000053400000000000000000 E7008659                                                                                                                                                                                                12 W 30 ST               240426195830176024010924011700060    00006                            000000000000000000000000000                       000000000000000000000000000                       000000000000000000000000000                       000000000000000000000000000                       000000000000000000000000000     24 2 00000000004  000000   Y20060003264
1502999994232404   000000 000000 N04 00000000100000000100057500000077200000019700000000000000000 E7008661                                                                                                                                                                                                14 E 25 ST               240426195940160424010924013100047    00016                            000000000000000000000000000                       000000000000000000000000000                       000000000000000000000000000                       000000000000000000000000000                       000000000000000000000000000     24 2 00000000004  000000   Y19650001976
1502999994232404   000000 000000 N04 00000000100000000100163500000204150000040650000000000000000 E7008664                                                                                                                                                                                                15 E 25 ST               240426196030176824010924021200049    00019                            000000000000000000000000000                       000000000000000000000000000                       000000000000000000000000000                       000000000000000000000000000                       000000000000000000000000000     24 2 00000000004  000000   Y19530002914
1502999994232404   000000 000000 N10 00235000000235000000062250000225000000162750000000004941000E 7008665                                                                                                                                                                                                1402 BAYVIEW AVE         240426196110194424012624022100028    00020                            000000000000000000000000000                       000000000000000000000000000                       000000000000000000000000000                       000000000000000000000000000                       000000000000000000000000000     24 2 00000000010 R240430   Y20220000000
1502999994232404   000000 000000 N10 00000000000000000000050000000070310000020310000000000000000 E7008666                                                                                                                                                                                                8 E 11 ST                240426196180047824022624022900019    00010                            000000000000000000000000000                       000000000000000000000000000                       000000000000000000000000000                       000000000000000000000000000                       000000000000000000000000000     24 2 00000000010  000000   Y19500001624
1502999994232404   000000 000000 N04 00000000100000000100109250000149760000040510000000000000000 E7008667                                                                                                                                                                                                1705 SEAVIEW AVE         240426196210083624022624030400033    00022                            000000000000000000000000000                       000000000000000000000000000                       000000000000000000000000000                       000000000000000000000000000                       000000000000000000000000000     24 2 00000000004  000000   Y19650002909
1502999994232404   000000 000000 N04 00000000100000000100057500000112680000055180000000000000000 E7008668                                                                                                                                                                                                12 E 23 ST               240426196210180124022724030500043    00014                            000000000000000000000000000                       000000000000000000000000000                       000000000000000000000000000                       000000000000000000000000000                       000000000000000000000000000     24 2 00000000004  000000   Y20080002964
1502999994232404   000000 000000 N04 00000000100000000100050000000112730000062730000000000000000 E7008669                                                                                                                                                                                                5 E 13 ST                240426196310053724030924031500025    00009                            000000000000000000000000000                       000000000000000000000000000                       000000000000000000000000000                       000000000000000000000000000                       000000000000000000000000000     24 2 00000000004  000000   Y20010002973
1502999994232404   000000 000000 N08 00010000000010000000052500000078200000025700000000000040000E 7008670                                                                                                                                                                                                13 E 13 ST               240426196310063424020924031500025    00017                            000000000000000000000000000                       000000000000000000000000000                       000000000000000000000000000                       000000000000000000000000000                       000000000000000000000000000     24 2 00000000008 R240430   Y19790002094
1502999994232404   000000 000000 N04 00000001000000001000055000000095650000040650000000000000000 E7008671                                                                                                                                                                                                17 E 7 ST                240426196360023724031824032000013    00021                            000000000000000000000000000                       000000000000000000000000000                       000000000000000000000000000                       000000000000000000000000000                       000000000000000000000000000     24 2 00000000004  000000   Y19920002250
1502999994232405   000000 000000 N04 00000000100000000100059720000098330000038610000000000000000 E7009326                                                                                                                                                                                                5 E 30 ST                240510196590080323110924041700059    00003                            000000000000000000000000000                       000000000000000000000000000                       000000000000000000000000000                       000000000000000000000000000                       000000000000000000000000000     23 2 00000000004  000000   Y20130002634
1502999994232405   000000 000000 N04 00000000100000000100050000000069620000019620000000000000000 E7010741                                                                                                                                                                                                5 E 15 ST                240531196740153624020724050700029    00009                            000000000000000000000000000                       000000000000000000000000000                       000000000000000000000000000                       000000000000000000000000000                       000000000000000000000000000     24 2 00000000004  000000   Y19560002016
1502999994232405   000000 000000 N04 00000000100000000100050000000112730000062730000000000000000 E7010742                                                                                                                                                                                                5 E 13 ST                240531196750187424041824050800025    00009                            000000000000000000000000000                       000000000000000000000000000                       000000000000000000000000000                       000000000000000000000000000                       000000000000000000000000000     24 2 00000000004  000000   Y20010002973
1502999994232405   000000 000000 N01 00033350000033350000032500000060320000027820000000000000000 E7010743                                                                                                                                                                                                1603 CENTRAL AVE         240531196810120424050324051400032    00002                            000000000000000000000000000                       000000000000000000000000000                       000000000000000000000000000                       000000000000000000000000000                       000000000000000000000000000     24 2 00000000001 R240604   Y19810001740
1502999994232405   000000 000000 N04 00000000100000000100037500000096150000058650000000000000000 E7010745                                                                                                                                                                                                12 W 23 ST               240531196860109524050324052000046    00011  03                        000000000000000000000000000                       000000000000000000000000000                       000000000000000000000000000                       000000000000000000000000000                       000000000000000000000000000     24 2 00000000004  000000   Y00000000000
1502999994232406   000000 000000 N07 00245000000245000000037500000049870000012370000000005162000ED7011754                                                                                                                                                                                                13 W 24 ST               240628196900076024051524052300046    00016                            000000000000000000000000000                       000000000000000000000000000                       000000000000000000000000000                       000000000000000000000000000                       000000000000000000000000000     24 2 00000000007 R240702   Y19750000768
1502999994232406   000000 000000 N10 00052500000052500000019290000032580000013290000000000441500E 7011755                                                                                                                                                                                                401 BROADWAY APT 21A     240628196920038524050224052400008  0100001                            000000000000000000000000000                       000000000000000000000000000                       000000000000000000000000000                       000000000000000000000000000                       000000000000000000000000000C121 24 2 00000000010 R240702   Y00000000000
1502999994232406   000000 000000 N04 00000000100000000100030000000047370000017370000000000000000 E7011756                                                                                                                                                                                                1902 CENTRAL AVE         240628196930128324051724052900037    00001                            000000000000000000000000000                       000000000000000000000000000                       000000000000000000000000000                       000000000000000000000000000                       000000000000000000000000000     24 2 00000000004  000000   Y19870001280
1502999994232406   000000 000000 N04 00000000100000000100050000000068110000018110000000000000000 E7011757                                                                                                                                                                                                11 E 13 ST               240628197020042724053024060600025    00015                            000000000000000000000000000                       000000000000000000000000000                       000000000000000000000000000                       000000000000000000000000000                       000000000000000000000000000     24 2 00000000004  000000   Y19810001232
1502999994232407   000000 000000 N04 00000000100000000100054630000065360000010730000000000000000 E7012089                                                                                                                                                                                                8 E 28 ST                240705197070052624060624061100053    00010                            000000000000000000000000000                       000000000000000000000000000                       000000000000000000000000000                       000000000000000000000000000                       000000000000000000000000000     24 2 00000000004  000000   Y19390001024
1502999994232407   000000 000000 N04 00000000100000000100054630000065360000010730000000000000000 E7012090                                                                                                                                                                                                8 E 28 ST                240705197070178024060624061200053    00010                            000000000000000000000000000                       000000000000000000000000000                       000000000000000000000000000                       000000000000000000000000000                       000000000000000000000000000     24 2 00000000004  000000   Y19390001024
1502999994232407   000000 000000 N04 00000000100000000100032500000053220000020720000000000000000 E7012427                                                                                                                                                                                                405 CENTRAL AVE          240712197140019824061324061900008    00003                            000000000000000000000000000                       000000000000000000000000000                       000000000000000000000000000                       000000000000000000000000000                       000000000000000000000000000     24 2 00000000004  000000   Y19800001300
1502999994232407   000000 000000 N04 00000001000000001000043500000080550000037050000000000000000 E7012428                                                                                                                                                                                                1 E 8 ST                 240712197180040524061424062500015    00002                            000000000000000000000000000                       000000000000000000000000000                       000000000000000000000000000                       000000000000000000000000000                       000000000000000000000000000     24 2 00000000004  000000   Y19950002140
1502999994232312   000000 000000 U   00225000000225000000039900000076830000036930003415004143750EA7002059                                                                                                                                                                                                17 W 4 ST                231208195370068723072623111400006    00016                            000000000000000000000000000                       000000000000000000000000000                       000000000000000000000000000                       000000000000000000000000000                       000000000000000000000000000     23 2 000000000    000000   Y19300002028
1502999994232404   000000 000000 U   00205000000205000000056250000071310000015060003479004278000E 7008672                                                                                                                                                                                                7-9 E 28 ST              240426196460185124031824040200055    00009                            000000000000000000000000000                       000000000000000000000000000                       000000000000000000000000000                       000000000000000000000000000                       000000000000000000000000000     24 2 000000000    000000   Y19480001288
1502999994232401   000000 000000 U   00135000000135000000035750000055060000019310004079002731000E 7003603                                                                                                                                                                                                8 W 27 ST                240112195640032423112023121900054    00011                            000000000000000000000000000                       000000000000000000000000000                       000000000000000000000000000                       000000000000000000000000000                       000000000000000000000000000     23 2 000000000    000000   Y19750001050
1502999994232406   000000 000000 U   00257500000257500000059250000106110000046860004121004113500EA7011758                                                                                                                                                                                                2408 BAYVIEW AVE         240628197040096324052324060700048    00025                            000000000000000000000000000                       000000000000000000000000000                       000000000000000000000000000                       000000000000000000000000000                       000000000000000000000000000     24 2 000000000    000000   Y20110002612
1502999994232312   000000 000000 U   00170000000170000000037500000070770000033270004163003504500E 7002519                                                                                                                                                                                                12 W 21 ST               231222195310176223101823110800042    00015                            000000000000000000000000000                       000000000000000000000000000                       000000000000000000000000000                       000000000000000000000000000                       000000000000000000000000000     23 2 000000000    000000   Y19970001840
1502999994232310   000000 000000 U   00227500000227500000055000000097290000042290004276004775250E 6998808                                                                                                                                                                                                14 E 17 ST               231020194900058723090723092000031    00016                            000000000000000000000000000                       000000000000000000000000000                       000000000000000000000000000                       000000000000000000000000000                       000000000000000000000000000     23 2 000000000    000000   Y20190000000
1502999994232406   000000 000000 U   00157500000157500000042500000068490000025990004349003228250E 7011753                                                                                                                                                                                                2502 CENTRAL AVE         240628196900013224040924052300049    00001                            000000000000000000000000000                       000000000000000000000000000                       000000000000000000000000000                       000000000000000000000000000                       000000000000000000000000000     24 2 00000000010 R240702   Y19530001152
1502999994232310   000000 000000 U   00120730000120730000037500000052520000015020004350002415875E 6995738                                                                                                                                                                                                16 W 23 ST               231020194250057323062223070700046    00019                            000000000000000000000000000                       000000000000000000000000000                       000000000000000000000000000                       000000000000000000000000000                       000000000000000000000000000     23 2 000000000   R240315   Y19770000874
1502999994232404   000000 000000 U   00165000000165000000058200000074570000016370004519003394000E 7008663                                                                                                                                                                                                1 E 29 ST                240426196010081124012924020700057    00003                            000000000000000000000000000                       000000000000000000000000000                       000000000000000000000000000                       000000000000000000000000000                       000000000000000000000000000     24 2 000000000    000000   Y19600001200
1502999994232310   000000 000000 U   00169900000169900000050000000080460000030460004736002641820EA6995853                                                                                                                                                                                                14 E 7 ST                231020194310142123070523071400011    00016                            000000000000000000000000000                       000000000000000000000000000                       000000000000000000000000000                       000000000000000000000000000                       000000000000000000000000000     23 2 000000000    000000   Y19770001830
1502999994232404   000000 000000 U   00130000000130000000047500000061810000014310004755002620500E 7008660                                                                                                                                                                                                4 E 16 ST                240426195840054224010224011700029    00006                            000000000000000000000000000                       000000000000000000000000000                       000000000000000000000000000                       000000000000000000000000000                       000000000000000000000000000     24 2 000000000    000000   Y19500001872
1502999994232310   000000 000000 U   00199500000199500000037500000096140000058640004819003139100EA6999775                                                                                                                                                                                                11 W 29 ST               231027195000175223092523100200056    00014                            000000000000000000000000000                       000000000000000000000000000                       000000000000000000000000000                       000000000000000000000000000                       000000000000000000000000000     23 2 000000000    000000   Y00000000000
1502999994232401   000000 000000 U   00157500000157500000050000000087590000037590005561003228250E 7003601                                                                                                                                                                                                18 E 9 ST                240112195570076023110223121100015    00020                            000000000000000000000000000                       000000000000000000000000000                       000000000000000000000000000                       000000000000000000000000000                       000000000000000000000000000     23 2 000000000    000000   Y19880002192
1502999994232310   000000 000000 U   00126200000126200000041700000070290000028590005570001907660EA6997405                                                                                                                                                                                                11 W 25 ST               231020194630030623072723081800048    00016                            000000000000000000000000000                       000000000000000000000000000                       000000000000000000000000000                       000000000000000000000000000                       000000000000000000000000000     23 2 000000000    000000   Y19810001632
1502999994232405   000000 000000 U   00125000000125000000050000000074910000024910005993002510000E 7009327                                                                                                                                                                                                3 E 9 ST                 240510196590148624040224041700017    00007                            000000000000000000000000000                       000000000000000000000000000                       000000000000000000000000000                       000000000000000000000000000                       000000000000000000000000000     24 2 000000000    000000   Y19600002016
1502999994232310   000000 000000 U   00083000000083000000032850000051230000018380006172000762300E 6997403                                                                                                                                                                                                11 W 12 ST               231020194600160523072723081600022    00012                            000000000000000000000000000                       000000000000000000000000000                       000000000000000000000000000                       000000000000000000000000000                       000000000000000000000000000     23 2 000000000    000000   Y19650001376
1502999994232310   000000 000000 U   00077500000077500000037500000049870000012370006435000704000E 6995854                                                                                                                                                                                                13 W 24 ST               231020194310184523063023071400046    00016                            000000000000000000000000000                       000000000000000000000000000                       000000000000000000000000000                       000000000000000000000000000                       000000000000000000000000000     23 2 000000000    000000   Y19750000768
1502999994232310   000000 000000 U   00046000000046000000008540000030150000021610006554000379100E 6996433                                                                                                                                                                                                700 BROADWAY UNIT 5      231020194510042323072423080400014  0100002                            000000000000000000000000000                       000000000000000000000000000                       000000000000000000000000000                       000000000000000000000000000                       000000000000000000000000000C05  23 2 000000000    000000 Y Y00000000000
1502999994232310   000000 000000 U   00075000000075000000042500000052280000009780006971000677500E 6995852                                                                                                                                                                                                2307 CENTRAL AVE         231020194280177023062723071200046    00004                            000000000000000000000000000                       000000000000000000000000000                       000000000000000000000000000                       000000000000000000000000000                       000000000000000000000000000     23 2 000000000    000000   Y19490000804
1502999994232310   000000 000000 U   00120000000120000000058950000090730000031780007561002399500E 6996432                                                                                                                                                                                                2902 BAYVIEW AVE         231020194500127123051623080400058    00015                            000000000000000000000000000                       000000000000000000000000000                       000000000000000000000000000                       000000000000000000000000000                       000000000000000000000000000     23 2 000000000    000000   Y19750001796
1502999994232401   000000 000000 U   00018500000018500000010560000016000000005440008649000083450E 7003600                                                                                                                                                                                                401 BROADWAY APT 35      240112195550050523120123120700008  0100001                            000000000000000000000000000                       000000000000000000000000000                       000000000000000000000000000                       000000000000000000000000000                       000000000000000000000000000C035 23 2 000000000   R240123   Y00000000000
1502999994232405   000000 000000 N04 00000000100000000100045790000062200000016410000000000000000 E7010740                                                                                                                                                                                                708 BROADWAY             240531196720135424042624050300014  0100001                            000000000000000000000000000                       000000000000000000000000000                       000000000000000000000000000                       000000000000000000000000000                       000000000000000000000000000     24 4A73800000004  000000   Y00000000000
1504999994232310   000000 000000 N26 00018500000018500000011880000011880000000000000000000083450E 6995579                                                                                                                                                                                                TENTH ST                 231020194290139023070523071300204    00009  01X00204    00009  01C2021000057600000000000000057600                       000000000000000000000000000                       000000000000000000000000000                       000000000000000000000000000                       000000000000000000000000000C202023 1 00000000026 R231116 Y Y00000000000
1504999994232310   000000 000000 N04 00000000100000000100072590000072590000000000000000000000000 E6995842                                                                                                                                                                                                THIRD ST                 231020194290185323070623071300162    00007  02                        000000000000000000000000000                       000000000000000000000000000                       000000000000000000000000000                       000000000000000000000000000                       000000000000000000000000000     23 1 00000000004  000000   Y00000000000
1504999994232310   000000 000000 N04 00000000100000000100068670000068670000000000000000000000000 E6995843                                                                                                                                                                                                307 N PENNSYLVANIA AVE   231020194290185823070623071300162    00007  03                        000000000000000000000000000                       000000000000000000000000000                       000000000000000000000000000                       000000000000000000000000000                       000000000000000000000000000     23 1 00000000004  000000   Y00000000000
1504999994232310   000000 000000 N04 00000000100000000100058140000058140000000000000000000000000 E6995844                                                                                                                                                                                                PENNA AVE                231020194290186323070623071300148    00007                            000000000000000000000000000                       000000000000000000000000000                       000000000000000000000000000                       000000000000000000000000000                       000000000000000000000000000     23 1 00000000004  000000   Y00000000000
1504999994232310   000000 000000 N26 00011986500011986500005440000005440000000000000000000048000E 6996037                                                                                                                                                                                                TENTH ST                 231020194500072623072823080400204    00009  01                        000000000000000000000000000                       000000000000000000000000000                       000000000000000000000000000                       000000000000000000000000000                       000000000000000000000000000C101723 1 00000000026 R231116 Y Y00000000000
1504999994232310   000000 000000 N10 00013500000013500000006820000006820000000000000000000054000E 6996968                                                                                                                                                                                                TWELFTH ST               231020194630019923081623081800204    00009  01                        000000000000000000000000000                       000000000000000000000000000                       000000000000000000000000000                       000000000000000000000000000                       000000000000000000000000000C500723 1 00000000026 R231116 Y Y00000000000
1504999994232310   000000 000000 N07 00270000000270000000057980000057980000000000000000005714500ED6997802                                                                                                                                                                                                304 IROQUOIS AVE         231020194710051723082423082900057    00003                            000000000000000000000000000                       000000000000000000000000000                       000000000000000000000000000                       000000000000000000000000000                       000000000000000000000000000     23 1 00000000007  000000   Y20220002966
1504999994232310   000000 000000 N26 00005800000005800000002650000002650000000000000000000023200E 6998928                                                                                                                                                                                                ELEVENTH ST              231020194820124323090623091200204    00009  01                        000000000000000000000000000                       000000000000000000000000000                       000000000000000000000000000                       000000000000000000000000000                       000000000000000000000000000C403823 1 00000000026 R231116 Y Y00000000000
1504999994232311   000000 000000 N07 00268750000268750000065800000065800000000000000000005686875ED7000799                                                                                                                                                                                                214 SECOND STREET        231110195170181823100723102300154    00007                            000000000000000000000000000                       000000000000000000000000000                       000000000000000000000000000                       000000000000000000000000000                       000000000000000000000000000     23 1 00000000007  000000   Y20220003079
1504999994232312   000000 000000 N25 00000000100000000100002600000002600000000000000000000000000 E7002239                                                                                                                                                                                                ELEVENTH ST              231215195420053123111623112000204    00009  01                        000000000000000000000000000                       000000000000000000000000000                       000000000000000000000000000                       000000000000000000000000000                       000000000000000000000000000C401123 1 00000000025  000000   Y00000000000
1504999994232401   000000 000000 N07 00287500000287500000063000000063000000000000000000006101250ED7004182                                                                                                                                                                                                1110 S BEACH AVE         240126195740132923110924010300082    00011                            000000000000000000000000000                       000000000000000000000000000                       000000000000000000000000000                       000000000000000000000000000                       000000000000000000000000000     23 1 00000000007  000000   Y20220002545
1504999994232402   000000 000000 N25 00000000100000000100089630000089630000000000000000000000000 E7005502                                                                                                                                                                                                21 TAYLOR AVE            240216195880031823120924012300197    00011  02                        000000000000000000000000000                       000000000000000000000000000                       000000000000000000000000000                       000000000000000000000000000                       000000000000000000000000000     23 1 00000000025  000000   Y00000000000
1504999994232403   000000 000000 N07 00150000000150000000045090000045090000000000000000000000000 E7006903                                                                                                                                                                                                431 AMBER STREET         240322196190009923121824030100131    00015                            000000000000000000000000000                       000000000000000000000000000                       000000000000000000000000000                       000000000000000000000000000                       000000000000000000000000000     23 1 00000000007 R240326   Y20220003696
1504999994232403   000000 000000 N25 00000000100000000100045090000045090000000000000000000000000 E7006904                                                                                                                                                                                                431 AMBER STREET         240322196190023223121824030100131    00015                            000000000000000000000000000                       000000000000000000000000000                       000000000000000000000000000                       000000000000000000000000000                       000000000000000000000000000     23 1 00000000025  000000   Y20220003696
1504999994232404   000000 000000 N03 00000020000000020000189750000277330000087580000000000000200  7008895                                                                                                                                                                                                11 FIFTH ST              240426196490167024032824040500179    00013    X00179    00014         000820000000875800001695800                       000000000000000000000000000                       000000000000000000000000000                       000000000000000000000000000                       000000000000000000000000000     24 1 00000000025 R240430   Y00000000000
1504999994232407   000000 000000 N25 00000000100000000100005850000005850000000000000000000000000 E7012081                                                                                                                                                                                                TENTH ST                 240705197060026324050624061100204    00009  01                        000000000000000000000000000                       000000000000000000000000000                       000000000000000000000000000                       000000000000000000000000000                       000000000000000000000000000C202924 1 00000000025  000000   Y00000000000
1504999994232407   000000 000000 N25 00000000100000000100002130000002130000000000000000000000000 E7012698                                                                                                                                                                                                310 WEST AVE             240724197160037324060624062400112    00001  01                        000000000000000000000000000                       000000000000000000000000000                       000000000000000000000000000                       000000000000000000000000000                       000000000000000000000000000C000224 1 00000000025  000000   Y00000000000
1504999994232407   000000 000000 N25 00000000100000000100002050000002050000000000000000000000000 E7012699                                                                                                                                                                                                310 WEST AVE             240724197160038124060624062400112    00001  01                        000000000000000000000000000                       000000000000000000000000000                       000000000000000000000000000                       000000000000000000000000000                       000000000000000000000000000C000324 1 00000000025  000000   Y00000000000
1504999994232407   000000 000000 N25 00000000100000000100058140000058140000000000000000000000000 E7012900                                                                                                                                                                                                PENNA AVE                240729197170180724061024062500148    00007                            000000000000000000000000000                       000000000000000000000000000                       000000000000000000000000000                       000000000000000000000000000                       000000000000000000000000000     24 1 00000000025  000000   Y00000000000
1504999994232407   000000 000000 N25 00000000100000000100072590000072590000000000000000000000000 E7012902                                                                                                                                                                                                THIRD ST                 240729197190047024061024062600162    00007  02                        000000000000000000000000000                       000000000000000000000000000                       000000000000000000000000000                       000000000000000000000000000                       000000000000000000000000000     24 1 00000000025  000000   Y00000000000
1504999994232407   000000 000000 N25 00000000100000000100068670000068670000000000000000000000000 E7012903                                                                                                                                                                                                307 N PENNSYLVANIA AVE   240729197190047724061024062600162    00007  03                        000000000000000000000000000                       000000000000000000000000000                       000000000000000000000000000                       000000000000000000000000000                       000000000000000000000000000     24 1 00000000025  000000   Y00000000000
1504999994232401   000000 000000 U   00005000000005000000001990000001990000000000003980000020000E 7003308                                                                                                                                                                                                TWELFTH ST               240112195550056123120123120700205    00005  01                        000000000000000000000000000                       000000000000000000000000000                       000000000000000000000000000                       000000000000000000000000000                       000000000000000000000000000C003323 1 000000000   R240123 Y Y00000000000
1504999994232404   000000 000000 U   00006000000006000000002700000002700000000000004500000024000E 7008399                                                                                                                                                                                                ELEVENTH ST              240419196370085524031924032200204    00009  01                        000000000000000000000000000                       000000000000000000000000000                       000000000000000000000000000                       000000000000000000000000000                       000000000000000000000000000C401824 1 000000000   R240423   Y00000000000
1504999994232310   000000 000000 U   00003750000003750000001720000001720000000000004587000015000E 7000119                                                                                                                                                                                                TWELFTH ST               231027195040117423092923100600205    00005  01                        000000000000000000000000000                       000000000000000000000000000                       000000000000000000000000000                       000000000000000000000000000                       000000000000000000000000000C001323 1 000000000   R231102   Y00000000000
1504999994232405   000000 000000 U   00010000000010000000005100000005100000000000005100000040000E 7010734                                                                                                                                                                                                ELEVENTH ST              240531196850112224050724051700204    00009  01                        000000000000000000000000000                       000000000000000000000000000                       000000000000000000000000000                       000000000000000000000000000                       000000000000000000000000000C380224 1 000000000   R240604 Y Y00000000000
1504999994232401   000000 000000 U   00010000000010000000006120000006120000000000006120000040000E 7003700                                                                                                                                                                                                TENTH ST                 240119195620012123120123121500204    00009  01                        000000000000000000000000000                       000000000000000000000000000                       000000000000000000000000000                       000000000000000000000000000                       000000000000000000000000000C202423 1 000000000   R240123 Y Y00000000000
1504999994232404   000000 000000 U   00003500000003500000002950000002950000000000008429000014000E 7008404                                                                                                                                                                                                TWELFTH ST               240419196420128024031324032800205    00005  01                        000000000000000000000000000                       000000000000000000000000000                       000000000000000000000000000                       000000000000000000000000000                       000000000000000000000000000C001524 1 000000000   R240423   Y00000000000
1504999994232407   000000 000000 U   00012500000012500000016000000016000000000000012800000050000E 7012899                                                                                                                                                                                                100 N WEST AVE U-5       240729197170007324061024062400141    00001                            000000000000000000000000000                       000000000000000000000000000                       000000000000000000000000000                       000000000000000000000000000                       000000000000000000000000000C000524 1 000000000   R240730   Y00000000000
1504999994232310   000000 000000 N01 00000000100000000100046800000059450000012650000000000000000 E6995577                                                                                                                                                                                                316 PELHAM AVE           231020194280065123063023071200041    00007                            000000000000000000000000000                       000000000000000000000000000                       000000000000000000000000000                       000000000000000000000000000                       000000000000000000000000000     23 2 00000000001  000000   Y19600001632
1504999994232310   000000 000000 N04 00000000100000000100076740000086120000009380000000000000000 E6995845                                                                                                                                                                                                435 THIRD ST             231020194290186823070623071300162    00007  01                        000000000000000000000000000                       000000000000000000000000000                       000000000000000000000000000                       000000000000000000000000000                       000000000000000000000000000     23 2 00000000004  000000   Y19600001404
1504999994232310   000000 000000 N04 00000000000000000000030000000048060000018060000000000000000 E6995847                                                                                                                                                                                                9 PEARL ST UNIT 1.H      231020194310127323062923071400125    00002                            000000000000000000000000000                       000000000000000000000000000                       000000000000000000000000000                       000000000000000000000000000                       000000000000000000000000000C100823 2 00000000004  000000 Y Y19850001488
1504999994232310   000000 000000 N01 00000000100000000100063000000073240000010240000000000000000 E6995848                                                                                                                                                                                                1010 S BEACH AVE         231020194390075023060123072400083    00008  02                        000000000000000000000000000                       000000000000000000000000000                       000000000000000000000000000                       000000000000000000000000000                       000000000000000000000000000     23 2 00000000001  000000   Y19700000864
1504999994232310   000000 000000 N04 00000000100000000100063000000107500000044500000000000000000 E6995849                                                                                                                                                                                                219 OCEAN STREET         231020194410047423072423072600117    00015                            000000000000000000000000000                       000000000000000000000000000                       000000000000000000000000000                       000000000000000000000000000                       000000000000000000000000000     23 2 00000000004  000000   Y20020002399
1504999994232310   000000 000000 N04 00000000100000000100046800000072920000026120000000000000000 E6996551                                                                                                                                                                                                321 JEFFERIS AVE         231020194530056823071323080800040    00018                            000000000000000000000000000                       000000000000000000000000000                       000000000000000000000000000                       000000000000000000000000000                       000000000000000000000000000     23 2 00000000004  000000   Y19900001532
1504999994232310   000000 000000 N33 00076000000076000000028630000064500000035870000000000688100E 6996554                                                                                                                                                                                                510 N BAY AVE UNIT 207   231020194560197323062323081100167    00001    X00167    00001    C012X000000000000358700000358700                       000000000000000000000000000                       000000000000000000000000000                       000000000000000000000000000                       000000000000000000000000000C001223 2 00000000026 R231116 Y Y20200001269
1504999994232310   000000 000000 N04 00000000100000000100047500000066130000018630000000000000000 E6997799                                                                                                                                                                                                420 EIGHTH ST. N4        231020194680057923081423082400188  0300001  01                        000000000000000000000000000                       000000000000000000000000000                       000000000000000000000000000                       000000000000000000000000000                       000000000000000000000000000C100423 2 00000000004  000000 Y Y19930001800
1504999994232310   000000 000000 N25 00000001000000001000065600000087820000022220000000000000000 E7000118                                                                                                                                                                                                106 SIXTH ST             231027194960048323091423092700175    00009                            000000000000000000000000000                       000000000000000000000000000                       000000000000000000000000000                       000000000000000000000000000                       000000000000000000000000000     23 2 00000000025  000000   Y19890001864
1504999994232311   000000 000000 N06 00250000000250000000088000000104480000016480000000005272500E 7000408                                                                                                                                                                                                300 S ATLANTIC AVE       231110195070148523100523101100122    00006                            000000000000000000000000000                       000000000000000000000000000                       000000000000000000000000000                       000000000000000000000000000                       000000000000000000000000000     23 2 00000000024 R231116   Y19340002600
1504999994232311   000000 000000 N25 00000000100000000100140850000223800000082950000000000000000 E7000410                                                                                                                                                                                                5 ELEVENTH ST            231110195130092423092723101800216    00009                            000000000000000000000000000                       000000000000000000000000000                       000000000000000000000000000                       000000000000000000000000000                       000000000000000000000000000     23 2 00000000025  000000   Y20180003516
1504999994232311   000000 000000 N05 00000000100000000100114650000151200000036550000000000000000 E7000411                                                                                                                                                                                                1308 WEST AVE            231110195130107822110123101800072    00002  01                        000000000000000000000000000                       000000000000000000000000000                       000000000000000000000000000                       000000000000000000000000000                       000000000000000000000000000     22 2 00000000025  000000   Y19870002487
1504999994232311   000000 000000 N07 00128200000128200000034880000063660000028780000000002580720E 7000797                                                                                                                                                                                                315 CENTRE STREET        231110195160028023100423102000150    00007  02                        000000000000000000000000000                       000000000000000000000000000                       000000000000000000000000000                       000000000000000000000000000                       000000000000000000000000000C000523 2 00000000026 R231116   Y20070001671
1504999994232311   000000 000000 N25 00000000000000000000059850000099560000039710000000000000000 E7000798                                                                                                                                                                                                220 TWELFTH ST           231110195170180523101823102300208    00003                            000000000000000000000000000                       000000000000000000000000000                       000000000000000000000000000                       000000000000000000000000000                       000000000000000000000000000     23 2 00000000025  000000   Y20110002476
1504999994232311   000000 000000 N07 00158000000158000000068950000081780000012830000000003239300E 7001132                                                                                                                                                                                                611 S BEACH AVE          231201195270081223101723110200106    00001  01                        000000000000000000000000000                       000000000000000000000000000                       000000000000000000000000000                       000000000000000000000000000                       000000000000000000000000000     23 2 00000000007 R231205   Y19600001692
1504999994232312   000000 000000 N10 00135000000135000000079190000088050000008860000000002731000E 7002234                                                                                                                                                                                                25 SIXTH ST              231215195350066723110323111300180    00015                            000000000000000000000000000                       000000000000000000000000000                       000000000000000000000000000                       000000000000000000000000000                       000000000000000000000000000     23 2 00000000010 R231222   Y19550001424
1504999994232312   000000 000000 N25 00000000000000000000052500000067920000015420000000000000000 E7002235                                                                                                                                                                                                1000 N BAY AVE UNIT C14A 231215195370102223110623111400204    00007                            000000000000000000000000000                       000000000000000000000000000                       000000000000000000000000000                       000000000000000000000000000                       000000000000000000000000000C140323 2 00000000025  000000   Y19840001747
1504999994232312   000000 000000 N26 00020250000020250000032450000037350000004900000000000095450E 7002236                                                                                                                                                                                                304 DOCK ROAD            231215195400065123092923111600150    00005                            000000000000000000000000000                       000000000000000000000000000                       000000000000000000000000000                       000000000000000000000000000                       000000000000000000000000000     23 2 00000000026 R231222   Y19500000950
1504999994232312   000000 000000 N25 00000000100000000100037690000052180000014490000000000000000 E7002238                                                                                                                                                                                                419 ENGLESIDE AVE        231215195410145523110923112000145    00020                            000000000000000000000000000                       000000000000000000000000000                       000000000000000000000000000                       000000000000000000000000000                       000000000000000000000000000     23 2 00000000025  000000   Y19600001674
1504999994232312   000000 000000 N25 00000000100000000100033230000050680000017450000000000000000 E7002900                                                                                                                                                                                                415 CENTRE STREET        231229195470092123102023112800146    00023                            000000000000000000000000000                       000000000000000000000000000                       000000000000000000000000000                       000000000000000000000000000                       000000000000000000000000000     23 2 00000000025  000000   Y19850001574
1504999994232312   000000 000000 N25 00000000100000000100070000000087110000017110000000000000000 E7002901                                                                                                                                                                                                806 BAY CLUB LANE WEST   231229195480117023102723112900188  0200001  02                        000000000000000000000000000                       000000000000000000000000000                       000000000000000000000000000                       000000000000000000000000000                       000000000000000000000000000C000423 2 00000000025  000000   Y20060001493
1504999994232401   000000 000000 N33 00099900000099900000029020000071300000042280000000000956340E 7003307                                                                                                                                                                                                510 N BAY AVE UNIT 301   240112195550042523082323120700167    00001    X00167    00001    C016X000000000000422800000422800                       000000000000000000000000000                       000000000000000000000000000                       000000000000000000000000000                       000000000000000000000000000C001623 2 00000000033 R240123   Y20200001473
1504999994232401   000000 000000 N08 00024433500024433500050370000059270000008900000000000128210E 7003309                                                                                                                                                                                                412 N ATLANTIC AVE       240112195570127423120723121100174    00009                            000000000000000000000000000                       000000000000000000000000000                       000000000000000000000000000                       000000000000000000000000000                       000000000000000000000000000     23 2 00000000008 R240123   Y19250001086
1504999994232401   000000 000000 N25 00000000100000000100074500000096160000021660000000000000000 E7003702                                                                                                                                                                                                228 LEEWARD AVE          240119195670066623121423122200020    00005                            000000000000000000000000000                       000000000000000000000000000                       000000000000000000000000000                       000000000000000000000000000                       000000000000000000000000000     23 2 00000000025  000000   Y19870001956
1504999994232401   000000 000000 N25 00000000100000000100068000000078970000010970000000000000000 E7004179                                                                                                                                                                                                2105 S BAY AVE           240126195710183123122823122900021    00004                            000000000000000000000000000                       000000000000000000000000000                       000000000000000000000000000                       000000000000000000000000000                       000000000000000000000000000     23 2 00000000025  000000   Y19700001824
1504999994232401   000000 000000 N25 00000000100000000100068000000078970000010970000000000000000 E7004180                                                                                                                                                                                                2105 S BAY AVE           240126195710183823122823122900021    00004                            000000000000000000000000000                       000000000000000000000000000                       000000000000000000000000000                       000000000000000000000000000                       000000000000000000000000000     23 2 00000000025  000000   Y19700001824
1504999994232402   000000 000000 N07 00199900000199900000073800000101960000028160000000004165290E 7005497                                                                                                                                                                                                18 FOURTH ST             240216195800063523121224011100177    00007                            000000000000000000000000000                       000000000000000000000000000                       000000000000000000000000000                       000000000000000000000000000                       000000000000000000000000000     23 2 00000000007 R240221   Y20130001600
1504999994232402   000000 000000 N25 00000000000000000000078470000113670000035200000000000000000 E7005498                                                                                                                                                                                                23 EIGHTH ST             240216195810175923102724011200196    00013                            000000000000000000000000000                       000000000000000000000000000                       000000000000000000000000000                       000000000000000000000000000                       000000000000000000000000000     23 2 00000000025  000000   Y20000002345
1504999994232402   000000 000000 N07 00145000000145000000063000000079430000016430000000002952000E 7005499                                                                                                                                                                                                202 CHATSWORTH AVE       240216195850004424010324011800083    00008                            000000000000000000000000000                       000000000000000000000000000                       000000000000000000000000000                       000000000000000000000000000                       000000000000000000000000000     24 2 00000000007 R240221   Y19600001802
1504999994232402   000000 000000 N07 00140000000140000000057400000066110000008710000000002841500E 7005500                                                                                                                                                                                                221 FOURTH ST            240216195860038924010424011900170    00016                            000000000000000000000000000                       000000000000000000000000000                       000000000000000000000000000                       000000000000000000000000000                       000000000000000000000000000     24 2 00000000007 R240221   Y19290001612
1504999994232402   000000 000000 N25 00000000100000000100101250000109380000008130000000000000000 E7005501                                                                                                                                                                                                15 TAYLOR AVE            240216195880031123120924012300197    00011  01                        000000000000000000000000000                       000000000000000000000000000                       000000000000000000000000000                       000000000000000000000000000                       000000000000000000000000000     23 2 00000000025  000000   Y19600001508
1504999994232402   000000 000000 N25 00000000100000000100055610000060510000004900000000000000000 E7005503                                                                                                                                                                                                218 ELEVENTH ST          240216195890124224011224012400207    00007  02                        000000000000000000000000000                       000000000000000000000000000                       000000000000000000000000000                       000000000000000000000000000                       000000000000000000000000000     24 2 00000000025  000000   Y19600000912
1504999994232403   000000 000000 N25 00000000000000000000063680000076560000012880000000000000000 E7006506                                                                                                                                                                                                108 FIFTH ST             240315196080200024020924021600174    00007                            000000000000000000000000000                       000000000000000000000000000                       000000000000000000000000000                       000000000000000000000000000                       000000000000000000000000000     24 2 00000000025  000000   Y19300001670
1504999994232403   000000 000000 N25 00000000100000000100080370000092740000012370000000000000000 E7006507                                                                                                                                                                                                18 ELEVENTH ST           240315196100171424010624022100215    00004                            000000000000000000000000000                       000000000000000000000000000                       000000000000000000000000000                       000000000000000000000000000                       000000000000000000000000000     24 2 00000000025  000000   Y19600001255
1504999994232403   000000 000000 N25 00000000000000000000063680000076320000012640000000000000000 E7006508                                                                                                                                                                                                110 FIFTH ST             240315196110144024020924022100174    00006                            000000000000000000000000000                       000000000000000000000000000                       000000000000000000000000000                       000000000000000000000000000                       000000000000000000000000000     24 2 00000000025  000000   Y19300001706
1504999994232403   000000 000000 N06 00167500000167500000088000000104480000016480000000003449250E 7007076                                                                                                                                                                                                300 S ATLANTIC AVE       240322196120121124012524022200122    00006                            000000000000000000000000000                       000000000000000000000000000                       000000000000000000000000000                       000000000000000000000000000                       000000000000000000000000000     24 2 00000000006 R240326   Y19340002600
1504999994232404   000000 000000 N25 00000000100000000100045090000117190000072100000000000000000 E7007493                                                                                                                                                                                                431 AMBER STREET         240405196280130424022224031300131    00015                            000000000000000000000000000                       000000000000000000000000000                       000000000000000000000000000                       000000000000000000000000000                       000000000000000000000000000     24 2 00000000025  000000   Y20220003696
1504999994232404   000000 000000 N25 00000000100000000100072000000106470000034470000000000000000 E7007495                                                                                                                                                                                                222 ESSEX AVE            240405196310064924022924031500081    00004                            000000000000000000000000000                       000000000000000000000000000                       000000000000000000000000000                       000000000000000000000000000                       000000000000000000000000000     24 2 00000000025  000000   Y20030002264
1504999994232404   000000 000000 N25 00000001000000001000034300000041060000006760000000000000000 E7007716                                                                                                                                                                                                214 FIFTH ST             240412196340036223112724031900170    00006                            000000000000000000000000000                       000000000000000000000000000                       000000000000000000000000000                       000000000000000000000000000                       000000000000000000000000000     23 2 00000000025  000000   Y19000001308
1504999994232404   000000 000000 N25 00000001000000001000030000000038570000008570000000000000000 E7007717                                                                                                                                                                                                9 PEARL ST UNIT 1.F      240412196340041623112724031900125    00002                            000000000000000000000000000                       000000000000000000000000000                       000000000000000000000000000                       000000000000000000000000000                       000000000000000000000000000C100623 2 00000000025  000000   Y19850000748
1504999994232404   000000 000000 N25 00000000100000000100083250000104000000020750000000000000000 E7008400                                                                                                                                                                                                17 ELEVENTH ST           240419196370132324031324032200216    00011                            000000000000000000000000000                       000000000000000000000000000                       000000000000000000000000000                       000000000000000000000000000                       000000000000000000000000000     24 2 00000000025  000000   Y19900001620
1504999994232404   000000 000000 N25 00000000100000000100084360000140410000056050000000000000000 E7008401                                                                                                                                                                                                24 EIGHTH ST             240419196400041324031924032600195    00003                            000000000000000000000000000                       000000000000000000000000000                       000000000000000000000000000                       000000000000000000000000000                       000000000000000000000000000     24 2 00000000025  000000   Y20160003080
1504999994232404   000000 000000 N25 00000000100000000100040700000056610000015910000000000000000 E7008403                                                                                                                                                                                                310 WEST AVE APT I-3     240419196420092524032124032800112    00001                            000000000000000000000000000                       000000000000000000000000000                       000000000000000000000000000                       000000000000000000000000000                       000000000000000000000000000C090324 2 00000000025  000000   Y19850001336
1504999994232404   000000 000000 N25 00000000100000000100026000000034540000008540000000000000000 E7008405                                                                                                                                                                                                310 WEST AVE APT C-3     240419196440118624032824040100112    00001                            000000000000000000000000000                       000000000000000000000000000                       000000000000000000000000000                       000000000000000000000000000                       000000000000000000000000000C030324 2 00000000025  000000   Y19850000884
1504999994232404   000000 000000 N25 00000000100000000100081090000092130000011040000000000000000 E7008407                                                                                                                                                                                                17 EIGHTH ST             240419196480119724032824040400196    00012                            000000000000000000000000000                       000000000000000000000000000                       000000000000000000000000000                       000000000000000000000000000                       000000000000000000000000000     24 2 00000000025  000000   Y19400001347
1504999994232404   000000 000000 N25 00000000100000000100098400000113210000014810000000000000000 E7008896                                                                                                                                                                                                307 N ATLANTIC AVE       240426196520036424032024040900177    00003    X00177    00005         000108000000000000000108000                       000000000000000000000000000                       000000000000000000000000000                       000000000000000000000000000                       000000000000000000000000000     24 2 00000000025  000000   Y19700002184
1504999994232405   000000 000000 N25 00000000100000000100026000000034540000008540000000000000000 E7009323                                                                                                                                                                                                310 WEST AVE APT C-3     240510196610018124040124041800112    00001                            000000000000000000000000000                       000000000000000000000000000                       000000000000000000000000000                       000000000000000000000000000                       000000000000000000000000000C030324 2 00000000025  000000   Y19850000884
1504999994232405   000000 000000 N07 00225000000225000000072000000101100000029100000000003567500EA7009324                                                                                                                                                                                                110 CORAL STREET         240510196610070924041224041900122    00005  02                        000000000000000000000000000                       000000000000000000000000000                       000000000000000000000000000                       000000000000000000000000000                       000000000000000000000000000     24 2 00000000026 R240514   Y19980002166
1504999994232405   000000 000000 N25 00000000100000000100037920000051950000014030000000000000000 E7009325                                                                                                                                                                                                409-B DELAWARE AVE       240510196620132424041024042200166  0100009                            000000000000000000000000000                       000000000000000000000000000                       000000000000000000000000000                       000000000000000000000000000                       000000000000000000000000000C000224 2 00000000025  000000   Y19800001348
1504999994232405   000000 000000 N25 00000000100000000100058500000140620000082120000000000000000 E7010021                                                                                                                                                                                                320 ESSEX AVE            240524196640002124040824042300077    00006                            000000000000000000000000000                       000000000000000000000000000                       000000000000000000000000000                       000000000000000000000000000                       000000000000000000000000000     24 2 00000000025  000000   Y20220002908
1504999994232405   000000 000000 N33 00078800000078800000028630000064500000035870000000000717780E 7010022                                                                                                                                                                                                510 N BAY AVE UNIT 203   240524196660107824032924042500167    00001    X00167    00001    C008X000000000000358700000358700                       000000000000000000000000000                       000000000000000000000000000                       000000000000000000000000000                       000000000000000000000000000C000824 2 00000000032 R240607   Y20200001269
1504999994232405   000000 000000 N25 00000000100000000100054600000072000000017400000000000000000 E7010023                                                                                                                                                                                                328 PELHAM AVE           240524196680019524042624042600041    00010                            000000000000000000000000000                       000000000000000000000000000                       000000000000000000000000000                       000000000000000000000000000                       000000000000000000000000000     24 2 00000000025  000000   Y19700002000
1504999994232405   000000 000000 N25 00000000100000000100040000000048270000008270000000000000000 E7010024                                                                                                                                                                                                16 SECOND ST UNIT 26     240524196740111223122624050600160    00003                            000000000000000000000000000                       000000000000000000000000000                       000000000000000000000000000                       000000000000000000000000000                       000000000000000000000000000C202623 2 00000000025  000000   Y19800000840
1504999994232405   000000 000000 N07 00215760000215760000067400000078010000010610000000004516280E 7010025                                                                                                                                                                                                133 NORWOOD AVE          240524196770115924043024050900105    00001                            000000000000000000000000000                       000000000000000000000000000                       000000000000000000000000000                       000000000000000000000000000                       000000000000000000000000000     24 2 00000000007 R240528   Y19250002204
1504999994232405   000000 000000 N10 00140000000140000000065240000087960000022720000000002841500E 7010026                                                                                                                                                                                                215 AMBER STREET         240524196770147624050224050900135    00015                            000000000000000000000000000                       000000000000000000000000000                       000000000000000000000000000                       000000000000000000000000000                       000000000000000000000000000     24 2 00000000010 R240528   Y19000003481
1504999994232406   000000 000000 N25 00000001000000001000089550000132590000043040000000000000000 E7010938                                                                                                                                                                                                18 TENTH ST              240614196910070424042924052400214    00006                            000000000000000000000000000                       000000000000000000000000000                       000000000000000000000000000                       000000000000000000000000000                       000000000000000000000000000     24 2 00000000025  000000   Y20160001906
1504999994232406   000000 000000 N25 00000000100000000100078090000130760000052670000000000000000 E7011396                                                                                                                                                                                                116 EIGHTH ST            240621196930129024051624052900192    00008                            000000000000000000000000000                       000000000000000000000000000                       000000000000000000000000000                       000000000000000000000000000                       000000000000000000000000000     24 2 00000000025  000000   Y20060003159
1504999994232406   000000 000000 N33 00100000000100000000029020000071300000042280000000000957500E 7011398                                                                                                                                                                                                510 N BAY AVE UNIT 302   240621196970195924050724060300167    00001    X00167    00001    C017X000000000000422800000422800                       000000000000000000000000000                       000000000000000000000000000                       000000000000000000000000000                       000000000000000000000000000C001724 2 00000000032 R240628   Y20200001473
1504999994232407   000000 000000 N25 00000000100000000100047500000060480000012980000000000000000 E7012079                                                                                                                                                                                                NINTH ST UNIT A-2        240705197040128324021124060700202    00009  01                        000000000000000000000000000                       000000000000000000000000000                       000000000000000000000000000                       000000000000000000000000000                       000000000000000000000000000C010224 2 00000000025  000000   Y19880002002
1504999994232407   000000 000000 N26 00011500000011500000078860000140640000061780000000000046000E 7012083                                                                                                                                                                                                100 N WEST AVE U-3       240705197080102824060624061300141    00001                            000000000000000000000000000                       000000000000000000000000000                       000000000000000000000000000                       000000000000000000000000000                       000000000000000000000000000C000324 2 00000000006 R240709   Y20170003126
1504999994232407   000000 000000 N25 00000000100000000100106500000117650000011150000000000000000 E7012696                                                                                                                                                                                                9 ELEVENTH ST            240724197150177224051324062400216    00010                            000000000000000000000000000                       000000000000000000000000000                       000000000000000000000000000                       000000000000000000000000000                       000000000000000000000000000     24 2 00000000025  000000   Y19600001496
1504999994232407   000000 000000 N30 00045000000045000000032000000041150000009150000000000369500E 7012697                                                                                                                                                                                                310 WEST AVE APT A-1     240724197160036624060624062400112    00001                            000000000000000000000000000                       000000000000000000000000000                       000000000000000000000000000                       000000000000000000000000000                       000000000000000000000000000C010124 2 00000000010 R240730   Y19850001080
1504999994232407   000000 000000 N25 00000000100000000100037400000046730000009330000000000000000 E7012898                                                                                                                                                                                                402 AMBER STREET         240729197160170924061424062400130    00003                            000000000000000000000000000                       000000000000000000000000000                       000000000000000000000000000                       000000000000000000000000000                       000000000000000000000000000     24 2 00000000025  000000   Y19480001260
1504999994232407   000000 000000 N25 00000000100000000100076740000086120000009380000000000000000 E7012901                                                                                                                                                                                                435 THIRD ST             240729197190046324061024062600162    00007  01                        000000000000000000000000000                       000000000000000000000000000                       000000000000000000000000000                       000000000000000000000000000                       000000000000000000000000000     24 2 00000000025  000000   Y19600001404
1504999994232407   000000 000000 N25 00000000100000000100161700000180510000018810000000000000000 E7013067                                                                                                                                                                                                805 S ATLANTIC AVE       240729197020042124052224060600108    00003                            000000000000000000000000000                       000000000000000000000000000                       000000000000000000000000000                       000000000000000000000000000                       000000000000000000000000000     24 2 00000000025  000000   Y19700001990
1504999994232407   000000 000000 U   00340000000340000000072960000122720000049760003609007261500E 7012080                                                                                                                                                                                                107 FOURTH ST            240705197050197024051824061100174    00013                            000000000000000000000000000                       000000000000000000000000000                       000000000000000000000000000                       000000000000000000000000000                       000000000000000000000000000     24 2 000000000    000000   Y20020003080
1504999994232310   000000 000000 U   00099900000099900000028340000036260000007920003630000956340E 6996967                                                                                                                                                                                                218 CORAL ST UNIT 1      231020194620193923081123081800119    00006                            000000000000000000000000000                       000000000000000000000000000                       000000000000000000000000000                       000000000000000000000000000                       000000000000000000000000000C000123 2 000000000    000000 Y Y19300001400
1504999994232312   000000 000000 U   00127500000127500000041000000048470000007470003802002565250E 7002899                                                                                                                                                                                                446 AMBER STREET         231229195430173923111323112100130    00012                            000000000000000000000000000                       000000000000000000000000000                       000000000000000000000000000                       000000000000000000000000000                       000000000000000000000000000     23 2 000000000    000000   Y19600001122
1504999994232407   000000 000000 U   00152500000152500000041000000058300000017300003823002349500EA7012082                                                                                                                                                                                                403 CORAL STREET         240705197070191524052224061200130    00022                            000000000000000000000000000                       000000000000000000000000000                       000000000000000000000000000                       000000000000000000000000000                       000000000000000000000000000     24 2 000000000    000000   Y19700001800
1504999994232404   000000 000000 U   00220000000220000000065000000087710000022710003987004609500E 7007494                                                                                                                                                                                                404 IROQUOIS AVE         240405196300077224022724031400053    00024                            000000000000000000000000000                       000000000000000000000000000                       000000000000000000000000000                       000000000000000000000000000                       000000000000000000000000000     24 2 000000000    000000   Y19740003036
1504999994232310   000000 000000 U   00200000000200000000066730000080440000013710004022003147500EA7000115                                                                                                                                                                                                236 NELSON AVE           231027194920089423091923092200018    00001                            000000000000000000000000000                       000000000000000000000000000                       000000000000000000000000000                       000000000000000000000000000                       000000000000000000000000000     23 2 000000000    000000   Y19800002088
1504999994232406   000000 000000 U   00082500000082500000025050000033590000008540004072000757000E 7011397                                                                                                                                                                                                310 WEST AVE APT C-2     240621196950083324050824053000112    00001    X00112    00001  01C0005000020500000000000000020500                       000000000000000000000000000                       000000000000000000000000000                       000000000000000000000000000                       000000000000000000000000000C030224 2 00000000030 R240628 Y Y19850000884
1504999994232310   000000 000000 U   00207500000207500000074500000086990000012490004192004333250E 7000116                                                                                                                                                                                                22 FIFTH ST              231027194950054523081723092600178    00003                            000000000000000000000000000                       000000000000000000000000000                       000000000000000000000000000                       000000000000000000000000000                       000000000000000000000000000     23 2 000000000    000000   Y19300001375
1504999994232404   000000 000000 U   00044000000044000000015010000019240000004230004373000359900E 7008402                                                                                                                                                                                                533A ENGLESIDE AVE       240419196420090424032124032800142    00012                            000000000000000000000000000                       000000000000000000000000000                       000000000000000000000000000                       000000000000000000000000000                       000000000000000000000000000C533124 2 000000000    000000   Y19600000336
1504999994232407   000000 000000 U   00112500000112500000041000000049960000008960004441002233750E 7012084                                                                                                                                                                                                401 CORAL STREET         240705197090084024051324061400130    00001                            000000000000000000000000000                       000000000000000000000000000                       000000000000000000000000000                       000000000000000000000000000                       000000000000000000000000000     24 2 000000000    000000   Y19600001560
1504999994232403   000000 000000 U   00255000000255000000048000000115090000067090004513005383000E 7006504                                                                                                                                                                                                230 FAIRVIEW AVE         240315196000193124011224020700080    00003                            000000000000000000000000000                       000000000000000000000000000                       000000000000000000000000000                       000000000000000000000000000                       000000000000000000000000000     24 2 000000000    000000   Y20220002337
1504999994232312   000000 000000 U   00224900000224900000044000000101910000057910004531004717790E 7001995                                                                                                                                                                                                319 FOURTH ST            231208195340101123102723110900166  0100016                            000000000000000000000000000                       000000000000000000000000000                       000000000000000000000000000                       000000000000000000000000000                       000000000000000000000000000     23 2 00000000007 R231222   Y20160001981
1504999994232310   000000 000000 U   00145000000145000000052000000066210000014210004566002952000E 7000117                                                                                                                                                                                                325 FAIRVIEW AVE         231027194950091123091923092600077    00012                            000000000000000000000000000                       000000000000000000000000000                       000000000000000000000000000                       000000000000000000000000000                       000000000000000000000000000     23 2 000000000    000000   Y19600001890
1504999994232310   000000 000000 U   00076000000076000000023130000035030000011900004609000688100E 6996553                                                                                                                                                                                                310 WEST AVE APT D-1     231020194540092623072823080900112    00001    X00112    00001  01C0004000021300000000000000021300                       000000000000000000000000000                       000000000000000000000000000                       000000000000000000000000000                       000000000000000000000000000C040123 2 000000000    000000 Y Y19850000906
1504999994232310   000000 000000 U   00200000000200000000076800000092480000015680004624004167500E 6996552                                                                                                                                                                                                1208 S BEACH AVE         231020194540067823062723080900081    00009                            000000000000000000000000000                       000000000000000000000000000                       000000000000000000000000000                       000000000000000000000000000                       000000000000000000000000000     23 2 000000000    000000   Y19500001876
1504999994232310   000000 000000 U   00270000000270000000063000000125140000062140004635004323500EA7000120                                                                                                                                                                                                219 ESSEX AVE            231027195050147123091523101000082    00015                            000000000000000000000000000                       000000000000000000000000000                       000000000000000000000000000                       000000000000000000000000000                       000000000000000000000000000     23 2 000000000    000000   Y20150002482
1504999994232405   000000 000000 U   00245000000245000000100500000119590000019090004881005162000E 7010020                                                                                                                                                                                                134 BELVOIR AVE          240524196630010424041924042200103    00002  01                        000000000000000000000000000                       000000000000000000000000000                       000000000000000000000000000                       000000000000000000000000000                       000000000000000000000000000     24 2 000000000    000000   Y19280002916
1504999994232404   000000 000000 U   00046000000046000000017030000022490000005460004889000379100E 7007718                                                                                                                                                                                                310 S ATLANTIC AVE U-1   240412196360028824031224032000125    00001                            000000000000000000000000000                       000000000000000000000000000                       000000000000000000000000000                       000000000000000000000000000                       000000000000000000000000000C000124 2 000000000    000000   Y19660000403
1504999994232310   000000 000000 U   00075100000075100000027500000037630000010130005011000320530EA6995578                                                                                                                                                                                                601 N DEL AVE UNIT 13    231020194290106923062623071200168  0100006                            000000000000000000000000000                       000000000000000000000000000                       000000000000000000000000000                       000000000000000000000000000                       000000000000000000000000000C001323 2 000000000    000000 Y Y19800001024
1504999994232310   000000 000000 U   00125000000125000000034880000062740000027860005019002510000E 6995851                                                                                                                                                                                                323 CENTRE STREET        231020194490038523072123080300150    00007  04                        000000000000000000000000000                       000000000000000000000000000                       000000000000000000000000000                       000000000000000000000000000                       000000000000000000000000000C000123 2 000000000    000000 Y Y20070001671
1504999994232310   000000 000000 U   00175000000175000000068080000089510000021430005115002727500EA6995846                                                                                                                                                                                                112 NINTH ST             231020194310096323063023071400194    00007                            000000000000000000000000000                       000000000000000000000000000                       000000000000000000000000000                       000000000000000000000000000                       000000000000000000000000000     23 2 000000000    000000   Y19860002116
1504999994232310   000000 000000 U   00205000000205000000065600000105780000040180005160003231500EA6997800                                                                                                                                                                                                214 IROQUOIS AVE         231020194690106023072823082500061    00008                            000000000000000000000000000                       000000000000000000000000000                       000000000000000000000000000                       000000000000000000000000000                       000000000000000000000000000     23 2 000000000    000000   Y20180001961
1504999994232311   000000 000000 U   00160000000160000000072000000084460000012460005279003283500E 7001487                                                                                                                                                                                                1302 S BEACH AVE         231201195310080523101923110800080    00009                            000000000000000000000000000                       000000000000000000000000000                       000000000000000000000000000                       000000000000000000000000000                       000000000000000000000000000     23 2 000000000   R240315   Y19600001287
1504999994232311   000000 000000 U   00097500000097500000039600000052590000012990005394000928500E 7000409                                                                                                                                                                                                600-7 N DELAWARE AVE     231110195120056823100323101700164  0100001                            000000000000000000000000000                       000000000000000000000000000                       000000000000000000000000000                       000000000000000000000000000                       000000000000000000000000000C000723 2 000000000    000000 Y Y19820001047
1504999994232310   000000 000000 U   00133500000133500000060200000072190000011990005407002030300EA6998929                                                                                                                                                                                                216 FOURTH ST            231020194890146923090823091900169    00006                            000000000000000000000000000                       000000000000000000000000000                       000000000000000000000000000                       000000000000000000000000000                       000000000000000000000000000     23 2 000000000    000000   Y19610001401
1504999994232401   000000 000000 U   00187500000187500000083510000101980000018470005439003891250E 7004181                                                                                                                                                                                                25 NINTH ST              240126195720081323121523122900214    00001                            000000000000000000000000000                       000000000000000000000000000                       000000000000000000000000000                       000000000000000000000000000                       000000000000000000000000000     23 2 00000000026 R240216   Y19800001512
1504999994232312   000000 000000 U   00173750000173750000082500000097490000014990005611003587375E 7002902                                                                                                                                                                                                211 PELHAM AVE           231229195490100523101023113000060    00009                            000000000000000000000000000                       000000000000000000000000000                       000000000000000000000000000                       000000000000000000000000000                       000000000000000000000000000     23 2 000000000    000000   Y19550001940
1504999994232401   000000 000000 U   00122000000122000000060000000069410000009410005689002443700E 7003701                                                                                                                                                                                                CENTRE STREET            240119195620168223100623121800160    00003                            000000000000000000000000000                       000000000000000000000000000                       000000000000000000000000000                       000000000000000000000000000                       000000000000000000000000000C102323 2 00000000010 R240123   Y19800001010
1504999994232310   000000 000000 U   00105000000105000000047500000060210000012710005734001551500EA6995850                                                                                                                                                                                                NINTH ST UNIT A-6        231020194440101023063023072800202    00009  01                        000000000000000000000000000                       000000000000000000000000000                       000000000000000000000000000                       000000000000000000000000000                       000000000000000000000000000C010623 2 000000000    000000 Y Y19880002002
1504999994232310   000000 000000 U   00110000000110000000057110000063290000006180005754001635500EA6997801                                                                                                                                                                                                215 EIGHTH ST            231020194700135123071023082800190    00014                            000000000000000000000000000                       000000000000000000000000000                       000000000000000000000000000                       000000000000000000000000000                       000000000000000000000000000     23 2 000000000    000000   Y19450001044
1504999994232403   000000 000000 U   00067500000067500000030000000038930000008930005767000598000E 7006902                                                                                                                                                                                                9 PEARL ST UNIT 1.E      240322196150157124020924022700125    00002                            000000000000000000000000000                       000000000000000000000000000                       000000000000000000000000000                       000000000000000000000000000                       000000000000000000000000000C100524 2 000000000    000000   Y19850000796
1504999994232402   000000 000000 U   00094900000094900000055610000060510000004900006376000898340E 7005504                                                                                                                                                                                                218 ELEVENTH ST          240216195890124924011224012400207    00007  02                        000000000000000000000000000                       000000000000000000000000000                       000000000000000000000000000                       000000000000000000000000000                       000000000000000000000000000     24 2 000000000    000000   Y19600000912
1504999994232310   000000 000000 U   00099900000099900000047500000066090000018590006616000466870EA6996966                                                                                                                                                                                                420 EIGHTH ST  S2        231020194600183423072723081600188  0300001  01                        000000000000000000000000000                       000000000000000000000000000                       000000000000000000000000000                       000000000000000000000000000                       000000000000000000000000000C200223 2 000000000    000000 Y Y19930001800
1504999994232406   000000 000000 U   00530000000530000000247750000352040000104290006642011460500E 7011395                                                                                                                                                                                                100 ESSEX AVE            240621196930047924050624052800085    00006                            000000000000000000000000000                       000000000000000000000000000                       000000000000000000000000000                       000000000000000000000000000                       000000000000000000000000000     24 2 000000000    000000   Y20020005148
1504999994232404   000000 000000 U   00096500000096500000029020000071300000042280007389000916900E 7008398                                                                                                                                                                                                510 N BAY AVE UNIT 202   240419196370057324022724032100167    00001    X00167    00001    C007X000000000000422800000422800                       000000000000000000000000000                       000000000000000000000000000                       000000000000000000000000000                       000000000000000000000000000C000724 2 000000000    000000 Y Y20200001473
1504999994232403   000000 000000 U   00084500000084500000028630000064500000035870007633000778200E 7006505                                                                                                                                                                                                510 N BAY AVE UNIT 307   240315196040189623122824021300167    00001    X00167    00001    C022X000000000000358700000358700                       000000000000000000000000000                       000000000000000000000000000                       000000000000000000000000000                       000000000000000000000000000C002223 2 000000000    000000   Y20200001269
1504999994232403   000000 000000 U   00105000000105000000062500000081650000019150007776002068000E 7006901                                                                                                                                                                                                402 TAYLOR AVENUE        240322196140076024021024022600188  0200001  02                        000000000000000000000000000                       000000000000000000000000000                       000000000000000000000000000                       000000000000000000000000000                       000000000000000000000000000C001024 2 000000000    000000   Y20050001493
1504999994232312   000000 000000 N26 00033750000033750000033390000045570000012180000000000200750E 7002237                                                                                                                                                                                                110 N BAY AVE            231215195410107323092923111700150    00004                            000000000000000000000000000                       000000000000000000000000000                       000000000000000000000000000                       000000000000000000000000000                       000000000000000000000000000     23 4A73700000026 R231222   Y00000000000
1504999994232312   000000 000000 N26 00081000000081000000030970000042590000011620000000000741100E 7002240                                                                                                                                                                                                108 N BAY AVE            231215195430055723092923112100150    00003                            000000000000000000000000000                       000000000000000000000000000                       000000000000000000000000000                       000000000000000000000000000                       000000000000000000000000000     23 4A73900000026 R231222   Y00000000000
1504999994232403   000000 000000 N33 00036500000036500000014550000014550000000000000000000287900E 7006503                                                                                                                                                                                                510 N BAY AVE UNIT 102   240315195990167524012324020600167    00001                            000000000000000000000000000                       000000000000000000000000000                       000000000000000000000000000                       000000000000000000000000000                       000000000000000000000000000C000224 4A100000000   R240319 Y Y00000000000
1504999994232403   000000 000000 N26 00145000000145000000052700000070270000017570000000002952000E 7006509                                                                                                                                                                                                400 N BAY AVE            240315196130151824022124022300166  0200003                            000000000000000000000000000                       000000000000000000000000000                       000000000000000000000000000                       000000000000000000000000000                       000000000000000000000000000     24 4A739000000   R240319   Y00000000000
1504999994232403   000000 000000 N25 00000000000000000000073920000125060000051140000000000000000 E7006510                                                                                                                                                                                                127 ENGLESIDE AVE        240315196150053024022224022600156    00012                            000000000000000000000000000                       000000000000000000000000000                       000000000000000000000000000                       000000000000000000000000000                       000000000000000000000000000     24 4A28000000025  000000   Y00000000000
1504999994232405   000000 000000 N25 00000000100000000100040750000069600000028850000000000000000 E7010424                                                                                                                                                                                                823 N BAY AVE            240531196800062724042424051300191    00005  01                        000000000000000000000000000                       000000000000000000000000000                       000000000000000000000000000                       000000000000000000000000000                       000000000000000000000000000     24 4A73900000025  000000   Y00000000000
1504999994232405   000000 000000 N25 00000000100000000100063560000077760000014200000000000000000 E7010425                                                                                                                                                                                                220 CENTRE STREET        240531196800063324042424051300153    00005                            000000000000000000000000000                       000000000000000000000000000                       000000000000000000000000000                       000000000000000000000000000                       000000000000000000000000000     24 4A73700000025  000000   Y00000000000
1504999994232404   000000 000000 U   00149900000149900000042900000056190000013290003748003060290E 7008397                                                                                                                                                                                                615 N BAY AVE            240419196360114124031524032100172    00002                            000000000000000000000000000                       000000000000000000000000000                       000000000000000000000000000                       000000000000000000000000000                       000000000000000000000000000     24 4A739000000   R240501   Y00000000000
1504999994232404   000000 000000 N25 00000000100000000100090390000101800000011410000000000000000 E7008406                                                                                                                                                                                                340 NELSON AVE           240419196480061224031424040400014    00003                            000000000000000000000000000                       000000000000000000000000000                       000000000000000000000000000                       000000000000000000000000000                       000000000000000000000000000     2415C00000000025  000000   Y00000000000
1504999994232310   000000 000000 N33 00209900000209900000084000000105720000021720000000004386290E 6996036                                                                                                                                                                                                301 N BEACH AVE          231020194410151323040723072600173    00001  01                        000000000000000000000000000                       000000000000000000000000000                       000000000000000000000000000                       000000000000000000000000000                       000000000000000000000000000     2315D00000000017  000000   Y19000000000
1510999994232311   000000 000000 N07 00272500000272500000094710000094710000000000000000005769750ED7001463                                                                                                                                                                                                1 E 69TH ST              231201195050143423070523101000042  0200001                            000000000000000000000000000                       000000000000000000000000000                       000000000000000000000000000                       000000000000000000000000000                       000000000000000000000000000     23 1 00000000007  000000   Y20230000000
1510999994232312   000000 000000 N04 00000000100000000100133810000133810000000000000000000000000 E7002577                                                                                                                                                                                                7-A E 69TH ST            231222195440077223110123112200042  0200004                            000000000000000000000000000                       000000000000000000000000000                       000000000000000000000000000                       000000000000000000000000000                       000000000000000000000000000     23 1 00000000004  000000   Y20230000000
1510999994232404   000000 000000 N07 00263000000263000000052520000052520000000000000000005559800ED7008750                                                                                                                                                                                                3 OLSEN AVE              240426196210142324020224030500028    00009                            000000000000000000000000000                       000000000000000000000000000                       000000000000000000000000000                       000000000000000000000000000                       000000000000000000000000000     24 1 00000000007  000000   Y20240000000
1510999994232404   000000 000000 N04 00000000100000000100051220000051220000000000000000000000000 E7008752                                                                                                                                                                                                13 W ESSEX AVE           240426196270143124022624031200041    00006                            000000000000000000000000000                       000000000000000000000000000                       000000000000000000000000000                       000000000000000000000000000                       000000000000000000000000000     24 1 00000000004  000000   Y00000000000
1510999994232310   000000 000000 N04 00000000100000000100058000000082270000024270000000000000000 E6995705                                                                                                                                                                                                2 HUDSON AVE             231020194260093623051023071000022    00012                            000000000000000000000000000                       000000000000000000000000000                       000000000000000000000000000                       000000000000000000000000000                       000000000000000000000000000     23 2 00000000004  000000   Y19700001678
1510999994232310   000000 000000 N04 00000000000000000000105750000143660000037910000000000000000 E6995706                                                                                                                                                                                                7 W CUMBERLAND AVE       231020194280080223062123071200007    00002                            000000000000000000000000000                       000000000000000000000000000                       000000000000000000000000000                       000000000000000000000000000                       000000000000000000000000000     23 2 00000000004  000000   Y19860002107
1510999994232310   000000 000000 N04 00000000100000000100127000000163760000036760000000000000000 E6995709                                                                                                                                                                                                14 W 74TH ST             231020194440108323070623073100045    00015                            000000000000000000000000000                       000000000000000000000000000                       000000000000000000000000000                       000000000000000000000000000                       000000000000000000000000000     23 2 00000000004  000000   Y19840002616
1510999994232310   000000 000000 N07 00519500000519500000102750000103650000000900000000011228450ED6995710                                                                                                                                                                                                6800 KENT PLACE          231020194470088223072023080200041  0100025                            000000000000000000000000000                       000000000000000000000000000                       000000000000000000000000000                       000000000000000000000000000                       000000000000000000000000000     23 2 00000000007 R231103   Y00000000000
1510999994232310   000000 000000 N04 00000000100000000100105320000206910000101590000000000000000 E6996424                                                                                                                                                                                                15 W 84TH ST             231020194540149923061223080900076    00001                            000000000000000000000000000                       000000000000000000000000000                       000000000000000000000000000                       000000000000000000000000000                       000000000000000000000000000     23 2 00000000004  000000   Y20180000000
1510999994232310   000000 000000 N04 00000000100000000100066160000068540000002380000000000000000 E6998508                                                                                                                                                                                                21 W 83RD ST             231020194820054123090523091200074    00005  02                        000000000000000000000000000                       000000000000000000000000000                       000000000000000000000000000                       000000000000000000000000000                       000000000000000000000000000     23 2 00000000004  000000   Y00000000000
1510999994232310   000000 000000 N04 00000000000000000000099040000104380000005340000000000000000 E6999373                                                                                                                                                                                                5624 HOLLY AVE           231020194890035123091523091900007    00015                            000000000000000000000000000                       000000000000000000000000000                       000000000000000000000000000                       000000000000000000000000000                       000000000000000000000000000     23 2 00000000004  000000   Y19530001050
1510999994232310   000000 000000 N04 00000000100000000100054230000068600000014370000000000000000 E6999375                                                                                                                                                                                                14 BARNEGAT AVE          231020194940136523091123092500030    00007    X00030    00071         000014800000001800000016600                       000000000000000000000000000                       000000000000000000000000000                       000000000000000000000000000                       000000000000000000000000000     23 2 00000000004  000000   Y19700000864
1510999994232311   000000 000000 N05 00000000000000000000080000000095310000015310000000000000000 E7001461                                                                                                                                                                                                7 E 77TH ST              231201195050118693070923101000056    00004                            000000000000000000000000000                       000000000000000000000000000                       000000000000000000000000000                       000000000000000000000000000                       000000000000000000000000000     93 2 00000000004  000000   Y19700001496
1510999994232311   000000 000000 N05 00000000000000000000080000000095310000015310000000000000000 E7001462                                                                                                                                                                                                7 E 77TH ST              231201195050119193040923101000056    00004                            000000000000000000000000000                       000000000000000000000000000                       000000000000000000000000000                       000000000000000000000000000                       000000000000000000000000000     93 2 00000000004  000000   Y19700001496
1510999994232311   000000 000000 N04 00000000100000000100106600000122160000015560000000000000000 E7001464                                                                                                                                                                                                12 E ATLANTIC AVE        231201195120040223092723101700025    00012                            000000000000000000000000000                       000000000000000000000000000                       000000000000000000000000000                       000000000000000000000000000                       000000000000000000000000000     23 2 00000000004  000000   Y19680000988
1510999994232311   000000 000000 N04 00000000100000000100087640000100570000012930000000000000000 E7001465                                                                                                                                                                                                6 WARWICK AVE            231201195140091923101623101800041  0300022                            000000000000000000000000000                       000000000000000000000000000                       000000000000000000000000000                       000000000000000000000000000                       000000000000000000000000000     23 2 00000000004  000000   Y19710000918
1510999994232312   000000 000000 N04 00000000100000000100086750000122400000035650000000000000000 E7001921                                                                                                                                                                                                6803 NORFOLK PLACE       231208195150193123101623102000041  0200015                            000000000000000000000000000                       000000000000000000000000000                       000000000000000000000000000                       000000000000000000000000000                       000000000000000000000000000     23 2 00000000004  000000   Y19840003347
1510999994232312   000000 000000 N04 00000000100000000100075000000084560000009560000000000000000 E7002036                                                                                                                                                                                                62 MAIDEN LANE           231208195240046923102423103000058    00006                            000000000000000000000000000                       000000000000000000000000000                       000000000000000000000000000                       000000000000000000000000000                       000000000000000000000000000     23 2 00000000004  000000   Y19200000956
1510999994232312   000000 000000 N03 00005700000005700000001480000001660000000180000000000022800E 7002037                                                                                                                                                                                                LANGE AVE                231208195290183523101423110600030    00097                            000000000000000000000000000                       000000000000000000000000000                       000000000000000000000000000                       000000000000000000000000000                       000000000000000000000000000     23 2 00000000026 R231212   Y00000000000
1510999994232312   000000 000000 N04 00000000100000000100087640000100570000012930000000000000000 E7002038                                                                                                                                                                                                6 WARWICK AVE            231208195350028723110323111300041  0300022                            000000000000000000000000000                       000000000000000000000000000                       000000000000000000000000000                       000000000000000000000000000                       000000000000000000000000000     23 2 00000000004  000000   Y19710000918
1510999994232401   000000 000000 N04 00000000100000000100043100000062290000019190000000000000000 E7003753                                                                                                                                                                                                5531 HOLLY AVE           240119195570081323082223121100004    00014                            000000000000000000000000000                       000000000000000000000000000                       000000000000000000000000000                       000000000000000000000000000                       000000000000000000000000000     23 2 00000000004  000000   Y19490001430
1510999994232401   000000 000000 N04 00000000100000000100080000000091740000011740000000000000000 E7003755                                                                                                                                                                                                3 E SUSSEX AVE           240119195630098523112423121800043    00002                            000000000000000000000000000                       000000000000000000000000000                       000000000000000000000000000                       000000000000000000000000000                       000000000000000000000000000     23 2 00000000004  000000   Y19600001196
1510999994232401   000000 000000 N04 00000000100000000100080000000091740000011740000000000000000 E7003756                                                                                                                                                                                                3 E SUSSEX AVE           240119195640012323112423121900043    00002                            000000000000000000000000000                       000000000000000000000000000                       000000000000000000000000000                       000000000000000000000000000                       000000000000000000000000000     23 2 00000000004  000000   Y19600001196
1510999994232401   000000 000000 N03 00086400000086400000080000000091740000011740000000000799740E 7003757                                                                                                                                                                                                3 E SUSSEX AVE           240119195690039823122123122700043    00002                            000000000000000000000000000                       000000000000000000000000000                       000000000000000000000000000                       000000000000000000000000000                       000000000000000000000000000     23 2 00000000026 R240123   Y19600001196
1510999994232401   000000 000000 N04 00000000100000000100087800000131420000043620000000000000000 E7003758                                                                                                                                                                                                36 BUCKINGHAM AVE        240119195690094223121123122700041  0100017                            000000000000000000000000000                       000000000000000000000000000                       000000000000000000000000000                       000000000000000000000000000                       000000000000000000000000000     23 2 00000000004  000000   Y19830002298
1510999994232402   000000 000000 N10 00000000100000000100057000000094480000037480000000000000000 E7004546                                                                                                                                                                                                6405A LONG BEACH BLVD    240202195780011823122924010900039    00016                            000000000000000000000000000                       000000000000000000000000000                       000000000000000000000000000                       000000000000000000000000000                       000000000000000000000000000     23 2 00000000010  000000   Y19600002132
1510999994232404   000000 000000 N08 00014250000014250000105800000125970000020170000000000057000E 7008747                                                                                                                                                                                                12 E 78TH ST             240426195980149924012224020500056    00013                            000000000000000000000000000                       000000000000000000000000000                       000000000000000000000000000                       000000000000000000000000000                       000000000000000000000000000     24 2 00000000008 R240430   Y19750001872
1510999994232404   000000 000000 N04 00000000100000000100049420000076640000027220000000000000000 E7008751                                                                                                                                                                                                12 COX AVE               240426196260148724022924031100028    00002                            000000000000000000000000000                       000000000000000000000000000                       000000000000000000000000000                       000000000000000000000000000                       000000000000000000000000000     24 2 00000000004  000000   Y19750001856
1510999994232404   000000 000000 N04 00000000100000000100076160000089000000012840000000000000000 E7008754                                                                                                                                                                                                5411B LONG BEACH BLVD    240426196500130024022624040800006    00020                            000000000000000000000000000                       000000000000000000000000000                       000000000000000000000000000                       000000000000000000000000000                       000000000000000000000000000     24 2 00000000004  000000   Y19700001348
1510999994232404   000000 000000 N04 00000000100000000100048980000104880000055900000000000000000 E7008755                                                                                                                                                                                                11 LANGE AVE             240426196510110524032824040800030    00137                            000000000000000000000000000                       000000000000000000000000000                       000000000000000000000000000                       000000000000000000000000000                       000000000000000000000000000     24 2 00000000004  000000   Y20100002840
1510999994232404   000000 000000 N04 00000000100000000100080000000100000000020000000000000000000 E7008756                                                                                                                                                                                                6 E 68TH ST              240426196540058024030124041100042    00013                            000000000000000000000000000                       000000000000000000000000000                       000000000000000000000000000                       000000000000000000000000000                       000000000000000000000000000     24 2 00000000004  000000   Y19730001924
1510999994232405   000000 000000 N04 00000000100000000100080000000100000000020000000000000000000 E7008969                                                                                                                                                                                                6 E 68TH ST              240503196540058624030124041100042    00013                            000000000000000000000000000                       000000000000000000000000000                       000000000000000000000000000                       000000000000000000000000000                       000000000000000000000000000     24 2 00000000004  000000   Y19730001924
1510999994232405   000000 000000 N04 00000000100000000100065800000067450000001650000000000000000 E7008970                                                                                                                                                                                                10 W 81ST ST             240503196540174524040424041100064    00001                            000000000000000000000000000                       000000000000000000000000000                       000000000000000000000000000                       000000000000000000000000000                       000000000000000000000000000     24 2 00000000004  000000   Y00000000000
1510999994232405   000000 000000 N04 00000000100000000100082800000151700000068900000000000000000 E7010693                                                                                                                                                                                                6803 SUFFOLK PLACE       240531196810073824050724051300041  0400009                            000000000000000000000000000                       000000000000000000000000000                       000000000000000000000000000                       000000000000000000000000000                       000000000000000000000000000     24 2 00000000004  000000   Y19670003520
1510999994232405   000000 000000 N04 00000000100000000100041280000058350000017070000000000000000 E7010694                                                                                                                                                                                                4 FIVES AVE              240531196830013623112924051500030    00139                            000000000000000000000000000                       000000000000000000000000000                       000000000000000000000000000                       000000000000000000000000000                       000000000000000000000000000     23 2 00000000004  000000   Y19650001459
1510999994232405   000000 000000 N04 00000001000000001000104210000140370000036160000000000000000 E7010697                                                                                                                                                                                                6311D LONG BEACH BLVD    240531196860108924051724052000038    00017                            000000000000000000000000000                       000000000000000000000000000                       000000000000000000000000000                       000000000000000000000000000                       000000000000000000000000000     24 2 00000000004  000000   Y19950002328
1510999994232407   000000 000000 N04 00000000100000000100055800000074000000018200000000000000000 E7012167                                                                                                                                                                                                6313 LONG BEACH BLVD     240705196900122524051524052300038    00027                            000000000000000000000000000                       000000000000000000000000000                       000000000000000000000000000                       000000000000000000000000000                       000000000000000000000000000     24 2 00000000004  000000   Y19680001728
1510999994232407   000000 000000 N04 00000000100000000100047500000106380000058880000000000000000 E7012169                                                                                                                                                                                                5 W 82ND ST              240705197000195124052524060500073    00001                            000000000000000000000000000                       000000000000000000000000000                       000000000000000000000000000                       000000000000000000000000000                       000000000000000000000000000     24 2 00000000004  000000   Y20090002471
1510999994232407   000000 000000 N04 00000000000000000000057000000078350000021350000000000000000 E7012170                                                                                                                                                                                                7205 LONG BEACH BLVD     240705197040137624031724060700044    00011                            000000000000000000000000000                       000000000000000000000000000                       000000000000000000000000000                       000000000000000000000000000                       000000000000000000000000000     24 2 00000000004  000000   Y19780001402
1510999994232407   000000 000000 N04 00000000100000000100051290000072030000020740000000000000000 E7012171                                                                                                                                                                                                8 JAMES ST               240705197040162024053124060700001    00040                            000000000000000000000000000                       000000000000000000000000000                       000000000000000000000000000                       000000000000000000000000000                       000000000000000000000000000     24 2 00000000004  000000   Y19860001176
1510999994232407   000000 000000 N04 00000000100000000100105750000143660000037910000000000000000 E7012403                                                                                                                                                                                                7 W CUMBERLAND AVE       240712197100141424052324061700007    00002                            000000000000000000000000000                       000000000000000000000000000                       000000000000000000000000000                       000000000000000000000000000                       000000000000000000000000000     24 2 00000000004  000000   Y19860002107
1510999994232404   000000 000000 U   00240000000240000000042750000078310000035560003263005051500E 7008744                                                                                                                                                                                                14 W 86TH ST             240426195810174923121924011200077    00017                            000000000000000000000000000                       000000000000000000000000000                       000000000000000000000000000                       000000000000000000000000000                       000000000000000000000000000     23 2 000000000    000000   Y20180000000
1510999994232404   000000 000000 U   00324900000324900000089680000108500000018820003339006927790E 7008753                                                                                                                                                                                                5522 HOLLY AVE           240426196410043324031224032700003    00011                            000000000000000000000000000                       000000000000000000000000000                       000000000000000000000000000                       000000000000000000000000000                       000000000000000000000000000     24 2 000000000    000000   Y19480001980
1510999994232312   000000 000000 U   00450000000450000000121240000207510000086270004611009692500E 7001923                                                                                                                                                                                                6809 NORFOLK PLACE       231208195230152823092823103000041  0200018                            000000000000000000000000000                       000000000000000000000000000                       000000000000000000000000000                       000000000000000000000000000                       000000000000000000000000000     23 2 000000000    000000   Y19980003749
1510999994232312   000000 000000 U   00082510000082510000029650000039760000010110004819000757530E 7002040                                                                                                                                                                                                11 COX AVE UNIT 2        231208195400152923111023111700029    00008                            000000000000000000000000000                       000000000000000000000000000                       000000000000000000000000000                       000000000000000000000000000                       000000000000000000000000000C02  23 2 000000000    000000 Y Y19650000912
1510999994232407   000000 000000 U   00229900000229900000056520000111920000055400004868004828290E 7012404                                                                                                                                                                                                1 E HUDSON AVE           240712197110069224053024061700023    00009                            000000000000000000000000000                       000000000000000000000000000                       000000000000000000000000000                       000000000000000000000000000                       000000000000000000000000000     24 2 000000000    000000   Y00000000000
1510999994232401   000000 000000 U   00462500000462500000101410000226870000125460004905009968750E 7003754                                                                                                                                                                                                5506 HOLLY AVE           240119195590133023112423121300003    00003                            000000000000000000000000000                       000000000000000000000000000                       000000000000000000000000000                       000000000000000000000000000                       000000000000000000000000000     23 2 000000000    000000   Y19880002646
1510999994232310   000000 000000 U   00099900000099900000041030000049620000008590004967000956340E 6995707                                                                                                                                                                                                7403 LONG BEACH BLVD     231020194300156823071223071300053    00019                            000000000000000000000000000                       000000000000000000000000000                       000000000000000000000000000                       000000000000000000000000000                       000000000000000000000000000     23 2 000000000    000000   Y19500001536
1510999994232404   000000 000000 U   00355500000355500000136510000180000000043490005063007604050E 7008748                                                                                                                                                                                                16 E 85TH ST             240426196040178324020124021300084    00008  01                        000000000000000000000000000                       000000000000000000000000000                       000000000000000000000000000                       000000000000000000000000000                       000000000000000000000000000     24 2 000000000    000000   Y19820002762
1510999994232405   000000 000000 U   00187500000187500000045000000097860000052860005219002937500EA7010691                                                                                                                                                                                                8005 BAY TERRACE         240531196700071624042924050100064    00002  02                        000000000000000000000000000                       000000000000000000000000000                       000000000000000000000000000                       000000000000000000000000000                       000000000000000000000000000     24 2 000000000    000000   Y19940001780
1510999994232401   000000 000000 U   00116500000116500000047500000061190000013690005252002322150E 7003582                                                                                                                                                                                                13 W 79TH ST             240112195540008923120123120600058    00016                            000000000000000000000000000                       000000000000000000000000000                       000000000000000000000000000                       000000000000000000000000000                       000000000000000000000000000     23 2 000000000    000000   Y19200000931
1510999994232404   000000 000000 U   00310000000310000000127000000163760000036760005283006598500E 7008749                                                                                                                                                                                                14 W 74TH ST             240426196210021124022224030400045    00015                            000000000000000000000000000                       000000000000000000000000000                       000000000000000000000000000                       000000000000000000000000000                       000000000000000000000000000     24 2 000000000    000000   Y19840002616
1510999994232407   000000 000000 U   00270000000270000000103500000152080000048580005633005714500E 7012166                                                                                                                                                                                                5614 HOLLY AVE           240705196890192324043024052300007    00010                            000000000000000000000000000                       000000000000000000000000000                       000000000000000000000000000                       000000000000000000000000000                       000000000000000000000000000     24 2 000000000    000000   Y20010002396
1510999994232312   000000 000000 U   00179500000179500000080000000103330000023330005757003714450E 7002576                                                                                                                                                                                                10 E 83RD ST             231222195410157023110123112000082    00010                            000000000000000000000000000                       000000000000000000000000000                       000000000000000000000000000                       000000000000000000000000000                       000000000000000000000000000     23 2 000000000    000000   Y19320001420
1510999994232312   000000 000000 U   00159900000159900000047500000092050000044550005757003281290E 7002578                                                                                                                                                                                                5 W 81ST ST              231222195460144723111023112700068    00008                            000000000000000000000000000                       000000000000000000000000000                       000000000000000000000000000                       000000000000000000000000000                       000000000000000000000000000     23 2 000000000    000000   Y20030002450
1510999994232401   000000 000000 U   00129000000129000000054380000074590000020210005782002598400E 7003752                                                                                                                                                                                                6309A LONG BEACH BLVD    240119195550127523112023120700038    00012                            000000000000000000000000000                       000000000000000000000000000                       000000000000000000000000000                       000000000000000000000000000                       000000000000000000000000000     23 2 000000000    000000   Y19680001264
1510999994232404   000000 000000 U   00162577700162577700080000000095310000015310005862003340737E 7008745                                                                                                                                                                                                7 E 77TH ST              240426195900188423122924012500056    00004                            000000000000000000000000000                       000000000000000000000000000                       000000000000000000000000000                       000000000000000000000000000                       000000000000000000000000000     23 2 000000000    000000   Y19700001496
1510999994232312   000000 000000 U   00140185000140185000049470000082810000033340005907002142710EA7002039                                                                                                                                                                                                11 JAMES ST              231208195350157423110723111300001    00028                            000000000000000000000000000                       000000000000000000000000000                       000000000000000000000000000                       000000000000000000000000000                       000000000000000000000000000     23 2 000000000    000000   Y19800002125
1510999994232310   000000 000000 U   00215000000215000000103090000128880000025790005994002349000E 6997359                                                                                                                                                                                                8204 BAY TERRACE         231020194670150023080223082400062    00009                            000000000000000000000000000                       000000000000000000000000000                       000000000000000000000000000                       000000000000000000000000000                       000000000000000000000000000     23 2 000000000    000000   Y19520001650
1510999994232405   000000 000000 U   00205000000205000000102500000125000000022500006098004278000E 7010692                                                                                                                                                                                                14 E 81ST ST             240531196700081824040224050100080    00009                            000000000000000000000000000                       000000000000000000000000000                       000000000000000000000000000                       000000000000000000000000000                       000000000000000000000000000     24 2 000000000    000000   Y19500001532
1510999994232405   000000 000000 U   00100000000100000000065800000067450000001650006745000957500E 7010695                                                                                                                                                                                                10 W 81ST ST             240531196830132724051024051500064    00001                            000000000000000000000000000                       000000000000000000000000000                       000000000000000000000000000                       000000000000000000000000000                       000000000000000000000000000     24 2 000000000    000000   Y00000000000
1510999994232310   000000 000000 U   00210000000210000000105750000143660000037910006841003315500EA6995708                                                                                                                                                                                                7 W CUMBERLAND AVE       231020194380148223071423072400007    00002                            000000000000000000000000000                       000000000000000000000000000                       000000000000000000000000000                       000000000000000000000000000                       000000000000000000000000000     23 2 000000000    000000   Y19860002107
1510999994232310   000000 000000 U   00280000000280000000105000000197410000092410007050005935500E 6999374                                                                                                                                                                                                5 E 79TH ST              231020194920119223090723092200079    00003                            000000000000000000000000000                       000000000000000000000000000                       000000000000000000000000000                       000000000000000000000000000                       000000000000000000000000000     23 2 000000000    000000   Y20030002832
1510999994232401   000000 000000 U   00205000000205000000107160000149480000042320007292004278000E 7003751                                                                                                                                                                                                67 CEDARS AVE            240119195540021423112823120600016    00004                            000000000000000000000000000                       000000000000000000000000000                       000000000000000000000000000                       000000000000000000000000000                       000000000000000000000000000     23 2 000000000   R240315   Y19880002263
1510999994232312   000000 000000 U   00260000000260000000184300000197110000012810007581004155500EA7001922                                                                                                                                                                                                7 E 79TH ST              231208195210009823091123102600079    00004                            000000000000000000000000000                       000000000000000000000000000                       000000000000000000000000000                       000000000000000000000000000                       000000000000000000000000000     23 2 000000000   R240409   Y19670001257
1510999994232310   000000 000000 U   00092500000092500000099040000104380000005340011284000870500E 6997784                                                                                                                                                                                                5624 HOLLY AVE           231020194750089023082323090100007    00015                            000000000000000000000000000                       000000000000000000000000000                       000000000000000000000000000                       000000000000000000000000000                       000000000000000000000000000     23 2 000000000   R231103   Y19530001050
1510999994232407   000000 000000 U   00130000000130000000042000000054820000012820004217002620500E 7012168                                                                                                                                                                                                7701 LONG BEACH BLVD     240705196940174924051024052900056    00001                            000000000000000000000000000                       000000000000000000000000000                       000000000000000000000000000                       000000000000000000000000000                       000000000000000000000000000     24 4A569000000   R240710   Y00000000000
1510999994232404   000000 000000 U   00125000000125000000052500000071420000018920005714002510000E 7008746                                                                                                                                                                                                8001 LONG BEACH BLVD     240426195960132223102524020100080    00001                            000000000000000000000000000                       000000000000000000000000000                       000000000000000000000000000                       000000000000000000000000000                       000000000000000000000000000     23 4A649000000   R240501   Y19630000000
1510999994232405   000000 000000 U   00076500000076500000038100000052620000014520006878000693400E 7010696                                                                                                                                                                                                7601 LONG BEACH BLVD     240531196840158624050324051600055    00001                            000000000000000000000000000                       000000000000000000000000000                       000000000000000000000000000                       000000000000000000000000000                       000000000000000000000000000     24 4A643000000   R240604   Y00000000000
1510999994232405   000000 000000 N15 00110000000110000000048100000048100000000000000000000000000 E7009275                                                                                                                                                                                                29 W ESSEX AVE           240510196650158524040224042400041    00015                            000000000000000000000000000                       000000000000000000000000000                       000000000000000000000000000                       000000000000000000000000000                       000000000000000000000000000     2415C00000000015  000000   Y00000000000
1518999994232310   000000 000000 N06 00135000000135000000060000000060000000000000000000001381000E 6995294                                                                                                                                                                                                34 WEST MURIEL AVENUE    231020194230067123062023070600011  2800001  24                        000000000000000000000000000                       000000000000000000000000000                       000000000000000000000000000                       000000000000000000000000000                       000000000000000000000000000     23 1 00000000006 R231102   Y00000000000
1518999994232310   000000 000000 N07 00140712000140712000048150000048150000000000000000002857695ED6995309                                                                                                                                                                                                24 W HARDING AVE         231020194330105323062823071700001  1300022  01                        000000000000000000000000000                       000000000000000000000000000                       000000000000000000000000000                       000000000000000000000000000                       000000000000000000000000000     23 1 00000000007  000000   Y20230002712
1518999994232310   000000 000000 N07 00257500000257500000074860000074860000000000000000005438250ED6995313                                                                                                                                                                                                10101 BEACH AVE          231020194370174923071223072100011  1800014                            000000000000000000000000000                       000000000000000000000000000                       000000000000000000000000000                       000000000000000000000000000                       000000000000000000000000000     23 1 00000000007  000000   Y00000000000
1518999994232310   000000 000000 N30 00196666700196666700100000000100000000000000000000002127570E 6996180                                                                                                                                                                                                67C LONG BEACH BLVD      231020194500047523072423080400020  7100001  03                        000000000000000000000000000                       000000000000000000000000000                       000000000000000000000000000                       000000000000000000000000000                       000000000000000000000000000     23 1 000000000   R231102   Y00000000000
1518999994232310   000000 000000 N30 00196666700196666700100000000100000000000000000000002127570E 6996181                                                                                                                                                                                                67B LONG BEACH BLVD      231020194500048923072423080400020  7100001  02                        000000000000000000000000000                       000000000000000000000000000                       000000000000000000000000000                       000000000000000000000000000                       000000000000000000000000000     23 1 000000000   R231102   Y00000000000
1518999994232310   000000 000000 N07 00311850100311850100067500000067500000000000000000006639991ED6996528                                                                                                                                                                                                31 E 37TH STREET         231020194500010123050923080300015 13000005  02                        000000000000000000000000000                       000000000000000000000000000                       000000000000000000000000000                       000000000000000000000000000                       000000000000000000000000000     23 1 00000000007  000000   Y20230003103
1518999994232310   000000 000000 N01 00000000100000000100090000000090000000000000000000000000000 E6996530                                                                                                                                                                                                112 LAGUNA LANE          231020194550050223080823080900020  7200001                            000000000000000000000000000                       000000000000000000000000000                       000000000000000000000000000                       000000000000000000000000000                       000000000000000000000000000     23 1 00000000001  000000   Y20230004074
1518999994232310   000000 000000 N07 00230000000230000000042800000042800000000000000000004830500ED6996531                                                                                                                                                                                                15 W CLEVELAND AVE       231020194550144923072723081000001  0700002  01                        000000000000000000000000000                       000000000000000000000000000                       000000000000000000000000000                       000000000000000000000000000                       000000000000000000000000000     23 1 00000000007  000000   Y20230002572
1518999994232310   000000 000000 N26 00006000000006000000003700000003700000000000000000000024000E 6996574                                                                                                                                                                                                35 H05 SUNSET BLVD       231020194570007023072723081100025  1200003  01                        000000000000000000000000000                       000000000000000000000000000                       000000000000000000000000000                       000000000000000000000000000                       000000000000000000000000000C800523 1 00000000026 R231102   Y00000000000
1518999994232310   000000 000000 N07 00285800000285800000068400000068400000000000000000006063680ED6996575                                                                                                                                                                                                2015 BEACH AVE           231020194570036223080223081100004  4800017                            000000000000000000000000000                       000000000000000000000000000                       000000000000000000000000000                       000000000000000000000000000                       000000000000000000000000000     23 1 00000000007  000000   Y20230002670
1518999994232310   000000 000000 N04 00000000100000000100052000000052000000000000000000000000000 E6999011                                                                                                                                                                                                25TH STREET              231020194800002423090623090800005  1800011                            000000000000000000000000000                       000000000000000000000000000                       000000000000000000000000000                       000000000000000000000000000                       000000000000000000000000000     23 1 00000000004  000000   Y00000000000
1518999994232310   000000 000000 N07 00245900000245900000042800000042800000000000000000005181890ED6999012                                                                                                                                                                                                13 W CLEVELAND AVE       231020194800040923090523090800001  0700002  02                        000000000000000000000000000                       000000000000000000000000000                       000000000000000000000000000                       000000000000000000000000000                       000000000000000000000000000     23 1 00000000007  000000   Y20230002572
1518999994232310   000000 000000 N26 00006250000006250000003700000003700000000000000000000025000E 6999548                                                                                                                                                                                                35 I10 SUNSET BLVD       231020194920107823092023092200025  1200003  01                        000000000000000000000000000                       000000000000000000000000000                       000000000000000000000000000                       000000000000000000000000000                       000000000000000000000000000C901023 1 00000000026 R231031   Y00000000000
1518999994232311   000000 000000 N07 00252500000252500000000000000000000000000000000000005327750ED7001145                                                                                                                                                                                                1062D LONG BEACH BLVD U-B231201195150150623100923101900018  6200004                            000000000000000000000000000                       000000000000000000000000000                       000000000000000000000000000                       000000000000000000000000000                       000000000000000000000000000C000223 1 00000000006  000000 Y Y00000000000
1518999994232311   000000 000000 N07 00230000000230000000054570000054570000000000000000004830500ED7001305                                                                                                                                                                                                4000 JULIA LANE          231201195220124123101323102700001  4800036                            000000000000000000000000000                       000000000000000000000000000                       000000000000000000000000000                       000000000000000000000000000                       000000000000000000000000000     23 1 00000000007  000000   Y20230002292
1518999994232311   000000 000000 N07 00322500000322500000065000000065000000000000000000006874750E 7001307                                                                                                                                                                                                2508 BEACH AVE           231201195230056823102023103000005  2300009                            000000000000000000000000000                       000000000000000000000000000                       000000000000000000000000000                       000000000000000000000000000                       000000000000000000000000000     23 1 00000000007 R231205   Y20230003541
1518999994232311   000000 000000 N25 00000000100000000100077500000077500000000000000000000000000 E7001425                                                                                                                                                                                                1008F LONG BEACH BLVD    231201195270079823092623110200018  0800005  05                        000000000000000000000000000                       000000000000000000000000000                       000000000000000000000000000                       000000000000000000000000000                       000000000000000000000000000     23 1 00000000025  000000   Y00000000000
1518999994232311   000000 000000 N25 00000000100000000100077500000077500000000000000000000000000 E7001426                                                                                                                                                                                                1008F LONG BEACH BLVD    231201195270080523101323110200018  0800005  05                        000000000000000000000000000                       000000000000000000000000000                       000000000000000000000000000                       000000000000000000000000000                       000000000000000000000000000     23 1 00000000025  000000   Y00000000000
1518999994232311   000000 000000 N04 00000000100000000100067500000067500000000000000000000000000 E7001427                                                                                                                                                                                                1106D LONG BEACH BLVD    231201195280045523102023110300018 10600004                            000000000000000000000000000                       000000000000000000000000000                       000000000000000000000000000                       000000000000000000000000000                       000000000000000000000000000     23 1 00000000004  000000   Y20230003211
1518999994232311   000000 000000 N07 00230000000230000000060750000060750000000000000000004830500ED7001429                                                                                                                                                                                                13 E SOUTH 34TH STREET   231201195290090423092923110300006  4700003                            000000000000000000000000000                       000000000000000000000000000                       000000000000000000000000000                       000000000000000000000000000                       000000000000000000000000000     23 1 00000000007  000000   Y20230002407
1518999994232312   000000 000000 N07 00262000000262000000056000000056000000000000000000005537700E 7002560                                                                                                                                                                                                3 E 20TH STREET          231222195420028123111523112000004  4700002                            000000000000000000000000000                       000000000000000000000000000                       000000000000000000000000000                       000000000000000000000000000                       000000000000000000000000000     23 1 00000000007 R240102   Y20230002489
1518999994232312   000000 000000 N07 00250000000250000000000000000000000000000000000000005272500ED7002611                                                                                                                                                                                                1062D LONG BEACH BLVD U-A231222195430165923111523112100018  6200004                            000000000000000000000000000                       000000000000000000000000000                       000000000000000000000000000                       000000000000000000000000000                       000000000000000000000000000C000123 1 00000000006  000000 Y Y00000000000
1518999994232312   000000 000000 N04 00000000100000000100459810000459810000000000000000000000000 E7002740                                                                                                                                                                                                1025 LONG BEACH BLVD     231222195500037823111523113000018  2500001                            000000000000000000000000000                       000000000000000000000000000                       000000000000000000000000000                       000000000000000000000000000                       000000000000000000000000000     23 1 00000000004  000000   Y20230010606
1518999994232401   000000 000000 N04 00000000100000000100047250000047250000000000000000000000000 E7003248                                                                                                                                                                                                7009 LONG BEACH BLVD     240112195590143623120423121300015  1200014                            000000000000000000000000000                       000000000000000000000000000                       000000000000000000000000000                       000000000000000000000000000                       000000000000000000000000000     23 1 00000000004  000000   Y00000000000
1518999994232402   000000 000000 N07 00265000000265000000066000000066000000000000000000005604000ED7004619                                                                                                                                                                                                18 E SAND DUNE LANE      240202195760087724010224010500012  1700014                            000000000000000000000000000                       000000000000000000000000000                       000000000000000000000000000                       000000000000000000000000000                       000000000000000000000000000     24 1 00000000007  000000   Y00000000000
1518999994232402   000000 000000 N26 00007450000007450000007500000007500000000000000000000029800E 7004717                                                                                                                                                                                                35 J24 SUNSET BLVD       240202195800139323121824011100025  1200003  01                        000000000000000000000000000                       000000000000000000000000000                       000000000000000000000000000                       000000000000000000000000000                       000000000000000000000000000C102423 1 00000000026 R240206   Y00000000000
1518999994232402   000000 000000 N04 00212500000212500000071550000071550000000000000000000000000 E7004719                                                                                                                                                                                                12 E DELAWARE AVE U-B    240202195820003223041424011200006  4700008                            000000000000000000000000000                       000000000000000000000000000                       000000000000000000000000000                       000000000000000000000000000                       000000000000000000000000000C000223 1 00000000004 R240206   Y20220002401
1518999994232402   000000 000000 N07 00285000000285000000060000000060000000000000000000006046000ED7005094                                                                                                                                                                                                17 W BECK AVE            240216195860134524010324011900001  7100017                            000000000000000000000000000                       000000000000000000000000000                       000000000000000000000000000                       000000000000000000000000000                       000000000000000000000000000     24 1 00000000007  000000   Y00000000000
1518999994232402   000000 000000 N04 00000000100000000100057000000057000000000000000000000000000 E7005099                                                                                                                                                                                                8A LONG BEACH BLVD       240216195880025223123024012300020  0800001  01                        000000000000000000000000000                       000000000000000000000000000                       000000000000000000000000000                       000000000000000000000000000                       000000000000000000000000000     23 1 00000000004  000000   Y00000000000
1518999994232402   000000 000000 N25 00000000100000000100060000000060000000000000000000000000000 E7005627                                                                                                                                                                                                17 W BECK AVE            240301195970048624013124020200001  7100017                            000000000000000000000000000                       000000000000000000000000000                       000000000000000000000000000                       000000000000000000000000000                       000000000000000000000000000     24 1 00000000025  000000   Y00000000000
1518999994232403   000000 000000 N25 00000000100000000100270000000270000000000000000000000000000 E7006240                                                                                                                                                                                                28 LONG BEACH BLVD       240308196130024124021424022200020  2800001                            000000000000000000000000000                       000000000000000000000000000                       000000000000000000000000000                       000000000000000000000000000                       000000000000000000000000000     24 1 00000000025  000000   Y00000000000
1518999994232403   000000 000000 N25 00000000100000000100077500000077500000000000000000000000000 E7006708                                                                                                                                                                                                1076G LONG BEACH BLVD    240315196160118124022224022800018  7600008                            000000000000000000000000000                       000000000000000000000000000                       000000000000000000000000000                       000000000000000000000000000                       000000000000000000000000000     24 1 00000000025  000000   Y00000000000
1518999994232403   000000 000000 N07 00254900000254900000058500000058500000000000000000005380790E 7007159                                                                                                                                                                                                2214 BEACH AVE           240329196190180224021624030100005  1000008                            000000000000000000000000000                       000000000000000000000000000                       000000000000000000000000000                       000000000000000000000000000                       000000000000000000000000000     24 1 00000000007 R240402   Y00000000000
1518999994232404   000000 000000 N07 00670000000670000000161500000161500000000000000000014554500ED7007437                                                                                                                                                                                                7401 OCEAN BLVD          240405196280161324030624031300014  2900003                            000000000000000000000000000                       000000000000000000000000000                       000000000000000000000000000                       000000000000000000000000000                       000000000000000000000000000     24 1 00000000007  000000   Y00000000000
1518999994232404   000000 000000 N26 00005900000005900000003700000003700000000000000000000023600E 7008077                                                                                                                                                                                                35 A13 SUNSET BLVD       240419196370091724031824032200025  1200003  01                        000000000000000000000000000                       000000000000000000000000000                       000000000000000000000000000                       000000000000000000000000000                       000000000000000000000000000C001324 1 00000000026 R240423   Y00000000000
1518999994232404   000000 000000 N14 00000000100000000100073000000073000000000000000000000000000 E7008080                                                                                                                                                                                                44C LONG BEACH BLVD      240419196400172423111724032600020  4400003                            000000000000000000000000000                       000000000000000000000000000                       000000000000000000000000000                       000000000000000000000000000                       000000000000000000000000000     23 1 00000000014  000000   Y20230003615
1518999994232404   000000 000000 N25 00000000100000000100057500000057500000000000000000000000000 E7008081                                                                                                                                                                                                111 ROXIE AVE            240419196410032124022624032600018  5600006                            000000000000000000000000000                       000000000000000000000000000                       000000000000000000000000000                       000000000000000000000000000                       000000000000000000000000000     24 1 00000000025  000000   Y00000000000
1518999994232404   000000 000000 N07 00306750000306750000063250000063250000000000000000006526675E 7008084                                                                                                                                                                                                9 WINDWARD ROAD          240419196420044724031824032700018  2200005                            000000000000000000000000000                       000000000000000000000000000                       000000000000000000000000000                       000000000000000000000000000                       000000000000000000000000000     24 1 00000000007 R240423   Y20230003694
1518999994232404   000000 000000 N07 00540000000540000000166350000166350000000000000000011681500ED7008360                                                                                                                                                                                                110 E JEANETTE AVE       240419196440024724032724040100014  1000002  03                        000000000000000000000000000                       000000000000000000000000000                       000000000000000000000000000                       000000000000000000000000000                       000000000000000000000000000     24 1 00000000007  000000   Y00000000000
1518999994232404   000000 000000 N07 00250000000250000000068400000068400000000000000000005272500ED7008799                                                                                                                                                                                                108 E 29TH STREET        240426196500063924032824040500006  1200016                            000000000000000000000000000                       000000000000000000000000000                       000000000000000000000000000                       000000000000000000000000000                       000000000000000000000000000     24 1 00000000007  000000   Y00000000000
1518999994232404   000000 000000 N01 00000000100000000100000290000000290000000000000000000000000 E7008800                                                                                                                                                                                                W MARSHALL AVE           240426196510037724040124040800001  8500004                            000000000000000000000000000                       000000000000000000000000000                       000000000000000000000000000                       000000000000000000000000000                       000000000000000000000000000     24 1 00000000001  000000   Y00000000000
1518999994232405   000000 000000 N07 00410000000410000000090000000090000000000000000000008808500ED7009059                                                                                                                                                                                                169B LONG BEACH BLVD     240503196540055924032824041100020 16300002                            000000000000000000000000000                       000000000000000000000000000                       000000000000000000000000000                       000000000000000000000000000                       000000000000000000000000000     24 1 00000000007  000000   Y20230005543
1518999994232405   000000 000000 N07 00239000000239000000066500000066500000000000000000005029400ED7009213                                                                                                                                                                                                2 E 14TH STREET          240510196610171624040924041900004  0700013  01                        000000000000000000000000000                       000000000000000000000000000                       000000000000000000000000000                       000000000000000000000000000                       000000000000000000000000000     24 1 00000000007  000000   Y00000000000
1518999994232405   000000 000000 N26 00140000000140000000190000000190000000000000000000002841500E 7009578                                                                                                                                                                                                32 W SOUTH 32ND ST C9    240510196670056824032624042600006  2500001                            000000000000000000000000000                       000000000000000000000000000                       000000000000000000000000000                       000000000000000000000000000                       000000000000000000000000000C000924 1 00000000026 R240514   Y00000000000
1518999994232405   000000 000000 N07 00422500000422500000097130000097130000000000000000009084750ED7010239                                                                                                                                                                                                72 AUBURN ROAD           240524196750103524032224050700023  0100014                            000000000000000000000000000                       000000000000000000000000000                       000000000000000000000000000                       000000000000000000000000000                       000000000000000000000000000     24 1 00000000007  000000   Y00000000000
1518999994232406   000000 000000 N26 00002800000002800000003000000003000000000000000000000011200E 7010881                                                                                                                                                                                                102 W ROOSEVELT AV BS1   240607196840013824050924051600001  1500004  01                        000000000000000000000000000                       000000000000000000000000000                       000000000000000000000000000                       000000000000000000000000000                       000000000000000000000000000C000124 1 00000000026 R240611   Y00000000000
1518999994232406   000000 000000 N07 00262514300262514300068400000068400000000000000000005549498ED7011319                                                                                                                                                                                                109 E CONNECTICUT AVE    240621196960148724051724053100013  1800003                            000000000000000000000000000                       000000000000000000000000000                       000000000000000000000000000                       000000000000000000000000000                       000000000000000000000000000     24 1 00000000007  000000   Y00000000000
1518999994232406   000000 000000 N07 00265000000265000000061650000061650000000000000000005604000ED7011588                                                                                                                                                                                                3 E SURF AVE             240628197010046624051024060500014  0500001  02                        000000000000000000000000000                       000000000000000000000000000                       000000000000000000000000000                       000000000000000000000000000                       000000000000000000000000000     24 1 00000000007  000000   Y20240002720
1518999994232407   000000 000000 N07 00396000000396000000054500000054500000000000000000008499100ED7012129                                                                                                                                                                                                1046A LONG BEACH BLVD    240705197030130324051624060700018  4600001                            000000000000000000000000000                       000000000000000000000000000                       000000000000000000000000000                       000000000000000000000000000                       000000000000000000000000000     24 1 00000000007  000000   Y20240003817
1518999994232407   000000 000000 N07 00554600000554600000138750000138750000000000000000012004160ED7012130                                                                                                                                                                                                75C LONG BEACH BLVD      240705197030197024051724060700020  8300002                            000000000000000000000000000                       000000000000000000000000000                       000000000000000000000000000                       000000000000000000000000000                       000000000000000000000000000     24 1 00000000007  000000   Y20240005523
1518999994232407   000000 000000 N07 00275000000275000000099000000099000000000000000000005825000ED7012325                                                                                                                                                                                                100 E COLORADO AVE       240712197160044024062024062400010  1100013                            000000000000000000000000000                       000000000000000000000000000                       000000000000000000000000000                       000000000000000000000000000                       000000000000000000000000000     24 1 00000000006  000000 Y Y00000000000
1518999994232407   000000 000000 N04 00540000000540000000166350000166350000000000000000000000000 E7012735                                                                                                                                                                                                110 E JEANETTE AVE       240724197160046924032724062400014  1000002  03                        000000000000000000000000000                       000000000000000000000000000                       000000000000000000000000000                       000000000000000000000000000                       000000000000000000000000000     24 1 00000000004 R240730   Y20240004330
1518999994232407   000000 000000 N26 00007500000007500000007500000007500000000000000000000030000E 7012743                                                                                                                                                                                                35 J22 SUNSET BLVD       240724197220029724061724062800025  1200003  01                        000000000000000000000000000                       000000000000000000000000000                       000000000000000000000000000                       000000000000000000000000000                       000000000000000000000000000C102224 1 00000000026 R240730   Y00000000000
1518999994232407   000000 000000 N07 00560000000560000000146840000146840000000000000000012123500ED7012857                                                                                                                                                                                                131C LONG BEACH BLVD     240729197190141224052124062600020 12700001  02                        000000000000000000000000000                       000000000000000000000000000                       000000000000000000000000000                       000000000000000000000000000                       000000000000000000000000000     24 1 00000000007  000000   Y20240007784
1518999994232406   000000 000000 U   00185000000185000000085500000085500000000000004622001986000E 7011037                                                                                                                                                                                                27 E BROWNSON AVE        240614196890013924050924052200015  2300006  01                        000000000000000000000000000                       000000000000000000000000000                       000000000000000000000000000                       000000000000000000000000000                       000000000000000000000000000     24 1 000000000   R240618   Y00000000000
1518999994232406   000000 000000 U   00255000000255000000136000000136000000000000005333002833000E 7011320                                                                                                                                                                                                59C LONG BEACH BLVD      240621196970051824052124053100020  6600003                            000000000000000000000000000                       000000000000000000000000000                       000000000000000000000000000                       000000000000000000000000000                       000000000000000000000000000     24 1 000000000   R240628   Y00000000000
1518999994232310   000000 000000 N04 00000000100000000100125000000232890000107890000000000000000 E6995203                                                                                                                                                                                                1131B LONG BEACH BLVD    231020194210177823062723070500018 13000002                            000000000000000000000000000                       000000000000000000000000000                       000000000000000000000000000                       000000000000000000000000000                       000000000000000000000000000     23 2 00000000004  000000   Y20190003276
1518999994232310   000000 000000 N01 00000001000000001000106020000114200000008180000000000000000 E6995204                                                                                                                                                                                                111 E 86TH ST SEA GLASS  231020194210178323051023070500013  0900003                            000000000000000000000000000                       000000000000000000000000000                       000000000000000000000000000                       000000000000000000000000000                       000000000000000000000000000     23 2 00000000001  000000   Y19630000948
1518999994232310   000000 000000 N07 00120000000120000000054000000070200000016200000000002399500E 6995205                                                                                                                                                                                                17 E 29TH STREET         231020194220050823062923070500006  1600005                            000000000000000000000000000                       000000000000000000000000000                       000000000000000000000000000                       000000000000000000000000000                       000000000000000000000000000     23 2 00000000026 R231102   Y19680002056
1518999994232310   000000 000000 N01 00000000000000000000047250000085430000038180000000000000000 E6995295                                                                                                                                                                                                8 W FARRAGUT AVE         231020194240057823070123070700015  3800008                            000000000000000000000000000                       000000000000000000000000000                       000000000000000000000000000                       000000000000000000000000000                       000000000000000000000000000     23 2 00000000001  000000   Y19600002412
1518999994232310   000000 000000 N25 00000000100000000100067500000103240000035740000000000000000 E6995296                                                                                                                                                                                                1004E LONG BEACH BLVD    231020194250136823070523071000018  0400005                            000000000000000000000000000                       000000000000000000000000000                       000000000000000000000000000                       000000000000000000000000000                       000000000000000000000000000     23 2 00000000025  000000   Y19870001844
1518999994232310   000000 000000 N07 00200000000200000000077500000121580000044080000000004167500E 6995297                                                                                                                                                                                                1090E LONG BEACH BLVD    231020194270025523062923071100018  9000001  05                        000000000000000000000000000                       000000000000000000000000000                       000000000000000000000000000                       000000000000000000000000000                       000000000000000000000000000     23 2 00000000026 R231102   Y19960002254
1518999994232310   000000 000000 N04 00000000100000000100035000000076790000041790000000000000000 E6995300                                                                                                                                                                                                1300 BEACH AVENUE U-A    231020194280059223062223071200004  0700007                            000000000000000000000000000                       000000000000000000000000000                       000000000000000000000000000                       000000000000000000000000000                       000000000000000000000000000C000123 2 00000000004  000000 Y Y20190001310
1518999994232310   000000 000000 N01 00000000100000000100072750000078840000006090000000000000000 E6995301                                                                                                                                                                                                120 E 26TH STREET        231020194280062523070723071200005  2400012                            000000000000000000000000000                       000000000000000000000000000                       000000000000000000000000000                       000000000000000000000000000                       000000000000000000000000000     23 2 00000000001  000000   Y19620001688
1518999994232310   000000 000000 N14 00000000100000000100021380000033480000012100000000000000000 E6995303                                                                                                                                                                                                5606 OCEAN BLVD C1       231020194280104623070723071200015  6000015                            000000000000000000000000000                       000000000000000000000000000                       000000000000000000000000000                       000000000000000000000000000                       000000000000000000000000000C000123 2 00000000014  000000 Y Y19700000676
1518999994232310   000000 000000 N14 00000000100000000100079750000145410000065660000000000000000 E6995304                                                                                                                                                                                                45 ALBRIGHT ROAD         231020194290050323062723071200023  0400015                            000000000000000000000000000                       000000000000000000000000000                       000000000000000000000000000                       000000000000000000000000000                       000000000000000000000000000     23 2 00000000014  000000   Y20130002586
1518999994232310   000000 000000 N04 00000000100000000100046800000064800000018000000000000000000 E6995305                                                                                                                                                                                                39 W SAND DUNE LANE      231020194290076223063023071200012  1900003                            000000000000000000000000000                       000000000000000000000000000                       000000000000000000000000000                       000000000000000000000000000                       000000000000000000000000000     23 2 00000000004  000000   Y19670001078
1518999994232310   000000 000000 N01 00000000100000000100046350000084290000037940000000000000000 E6995306                                                                                                                                                                                                9317 NORTH SUSAN LANE    231020194320018523070723071700011  3500027  01                        000000000000000000000000000                       000000000000000000000000000                       000000000000000000000000000                       000000000000000000000000000                       000000000000000000000000000     23 2 00000000001  000000   Y20000002240
1518999994232310   000000 000000 N01 00000000100000000100105000000152960000047960000000000000000 E6995307                                                                                                                                                                                                4410 GLOUCESTER DRIVE    231020194320144323061023071700001 10200001  13                        000000000000000000000000000                       000000000000000000000000000                       000000000000000000000000000                       000000000000000000000000000                       000000000000000000000000000     23 2 00000000001  000000   Y19940002135
1518999994232310   000000 000000 N10 00127000000127000000054500000075430000020930000000002554200E 6995308                                                                                                                                                                                                1032A LONG BEACH BLVD    231020194330102323062623071700018  3200001                            000000000000000000000000000                       000000000000000000000000000                       000000000000000000000000000                       000000000000000000000000000                       000000000000000000000000000     23 2 00000000010 R231102   Y19810001500
1518999994232310   000000 000000 N07 00149500000149500000045000000088300000043300000000002299100EA6995310                                                                                                                                                                                                13 E 41ST STREET U-A     231020194350025523061923071900015 11600004                            000000000000000000000000000                       000000000000000000000000000                       000000000000000000000000000                       000000000000000000000000000                       000000000000000000000000000C000123 2 00000000026 R231102 Y Y20050001645
1518999994232310   000000 000000 N01 00000001000000001000064000000118680000054680000000000000000 E6995311                                                                                                                                                                                                12 BEACON DRIVE          231020194370114923071723072000020 14600001                            000000000000000000000000000                       000000000000000000000000000                       000000000000000000000000000                       000000000000000000000000000                       000000000000000000000000000     23 2 00000000001  000000   Y19670003465
1518999994232310   000000 000000 N07 00230000000230000000047250000109210000061960000000003651500EA6995312                                                                                                                                                                                                124 W HARMONY AVE        231020194370148123063023072100015  4800017                            000000000000000000000000000                       000000000000000000000000000                       000000000000000000000000000                       000000000000000000000000000                       000000000000000000000000000     23 2 00000000026 R231102   Y20080002406
1518999994232310   000000 000000 N07 00240000000240000000129200000141050000011850000000005051500E 6995314                                                                                                                                                                                                116 E JEROME AVE         231020194380107823071823072100011  3000006                            000000000000000000000000000                       000000000000000000000000000                       000000000000000000000000000                       000000000000000000000000000                       000000000000000000000000000     23 2 00000000026 R231102   Y19550001395
1518999994232310   000000 000000 N25 00000000100000000100058230000072770000014540000000000000000 E6995635                                                                                                                                                                                                8 E HOBART AVE           231020194380172023071423072400014  1300019                            000000000000000000000000000                       000000000000000000000000000                       000000000000000000000000000                       000000000000000000000000000                       000000000000000000000000000     23 2 00000000025  000000   Y19500001381
1518999994232310   000000 000000 N01 00000000100000000100242900000337230000094330000000000000000 E6995636                                                                                                                                                                                                147 E OHIO AVE.          231020194390063323071223072400008  0500008                            000000000000000000000000000                       000000000000000000000000000                       000000000000000000000000000                       000000000000000000000000000                       000000000000000000000000000     23 2 00000000001  000000   Y19950004167
1518999994232310   000000 000000 N01 00000000000000000000052650000102830000050180000000000000000 E6995637                                                                                                                                                                                                41 W CAPE COD LANE       231020194400011323071323072400012  1300002                            000000000000000000000000000                       000000000000000000000000000                       000000000000000000000000000                       000000000000000000000000000                       000000000000000000000000000     23 2 00000000001  000000   Y20020002208
1518999994232310   000000 000000 N04 00000000100000000100101750000134630000032880000000000000000 E6995638                                                                                                                                                                                                69 ADRIAN ROAD           231020194410046823072423072600023  0300020                            000000000000000000000000000                       000000000000000000000000000                       000000000000000000000000000                       000000000000000000000000000                       000000000000000000000000000     23 2 00000000004  000000   Y19620002919
1518999994232310   000000 000000 N10 00000000100000000100161500000177310000015810000000000000000 E6995817                                                                                                                                                                                                120 E 86TH ST SEA GLASS  231020194440189323063023073100013  0600010                            000000000000000000000000000                       000000000000000000000000000                       000000000000000000000000000                       000000000000000000000000000                       000000000000000000000000000     23 2 00000000010  000000   Y19650001584
1518999994232310   000000 000000 N01 00000000100000000100038400000065020000026620000000000000000 E6995818                                                                                                                                                                                                1506 LONG BEACH BLVD     231020194450132123072623080100004  1800008                            000000000000000000000000000                       000000000000000000000000000                       000000000000000000000000000                       000000000000000000000000000                       000000000000000000000000000     23 2 00000000001  000000   Y20180001392
1518999994232310   000000 000000 N10 00000000100000000100042000000059100000017100000000000000000 E6995820                                                                                                                                                                                                1 E 29TH STREET          231020194480062923073123080200006  1600001                            000000000000000000000000000                       000000000000000000000000000                       000000000000000000000000000                       000000000000000000000000000                       000000000000000000000000000     23 2 00000000010  000000   Y19600001881
1518999994232310   000000 000000 N10 00000000100000000100047250000064570000017320000000000000000 E6995821                                                                                                                                                                                                6305 LONG BEACH BLVD     231020194480067323072523080200015  3300014                            000000000000000000000000000                       000000000000000000000000000                       000000000000000000000000000                       000000000000000000000000000                       000000000000000000000000000     23 2 00000000010  000000   Y19780000990
1518999994232310   000000 000000 N30 00196666700196666700080000000080130000000130000000002127570E 6996182                                                                                                                                                                                                67A LONG BEACH BLVD      231020194500102823072423080400020  7100001  01                        000000000000000000000000000                       000000000000000000000000000                       000000000000000000000000000                       000000000000000000000000000                       000000000000000000000000000     23 2 000000000   R240109   Y00000000000
1518999994232310   000000 000000 N30 00200000000200000000100000000152490000052490000000004167500E 6996183                                                                                                                                                                                                27A LONG BEACH BLVD      231020194500109623080223080400020  2700001  01                        000000000000000000000000000                       000000000000000000000000000                       000000000000000000000000000                       000000000000000000000000000                       000000000000000000000000000     23 2 00000000030 R231102   Y20070001652
1518999994232310   000000 000000 N30 00900000000900000000330000000500230000170230000000019637500E 6996184                                                                                                                                                                                                27B LONG BEACH BLVD      231020194500165723080223080400020  2700001  02                        000000000000000000000000000                       000000000000000000000000000                       000000000000000000000000000                       000000000000000000000000000                       000000000000000000000000000     23 2 00000000030 R231102   Y20010004926
1518999994232310   000000 000000 N01 00000000100000000100054500000096340000041840000000000000000 E6996185                                                                                                                                                                                                1058A LONG BEACH BLVD    231020194510002523072623080400018  5800005                            000000000000000000000000000                       000000000000000000000000000                       000000000000000000000000000                       000000000000000000000000000                       000000000000000000000000000     23 2 00000000001  000000   Y19800002503
1518999994232310   000000 000000 N01 00099900000099900000100000000138720000038720000000000956340E 6996186                                                                                                                                                                                                11B LONG BEACH BLVD      231020194510033423070723080400020  1100002                            000000000000000000000000000                       000000000000000000000000000                       000000000000000000000000000                       000000000000000000000000000                       000000000000000000000000000     23 2 00000000001 R231102   Y19870002564
1518999994232310   000000 000000 N31 00100801800100801800050850000065230000014380000000001975803E 6996188                                                                                                                                                                                                1715 BAY TERRACE         231020194520035123071823080700004  2800008                            000000000000000000000000000                       000000000000000000000000000                       000000000000000000000000000                       000000000000000000000000000                       000000000000000000000000000     23 2 00000000031 R231102   Y19600001980
1518999994232310   000000 000000 N04 00000000100000000100070000000100390000030390000000000000000 E6996529                                                                                                                                                                                                170C LONG BEACH BLVD     231020194540080123062223080900020 16600003                            000000000000000000000000000                       000000000000000000000000000                       000000000000000000000000000                       000000000000000000000000000                       000000000000000000000000000     23 2 00000000004  000000   Y19830002016
1518999994232310   000000 000000 N10 00072600000072600000039500000061810000022310000000000652060E 6996532                                                                                                                                                                                                42 SUNSET BLVD           231020194550178323072823081000023  1800008                            000000000000000000000000000                       000000000000000000000000000                       000000000000000000000000000                       000000000000000000000000000                       000000000000000000000000000     23 2 00000000010 R231102   Y19780001324
1518999994232310   000000 000000 N07 00322000000322000000161500000238160000076660000000006863700E 6996533                                                                                                                                                                                                3911 OCEAN BLVD          231020194560127323071823081000015 12100001                            000000000000000000000000000                       000000000000000000000000000                       000000000000000000000000000                       000000000000000000000000000                       000000000000000000000000000     23 2 00000000026 R231102   Y19700002688
1518999994232310   000000 000000 N01 00000000100000000100067500000106110000038610000000000000000 E6997032                                                                                                                                                                                                54B LONG BEACH BLVD      231020194600148223080323081600020  5400002                            000000000000000000000000000                       000000000000000000000000000                       000000000000000000000000000                       000000000000000000000000000                       000000000000000000000000000     23 2 00000000001  000000   Y19660002773
1518999994232310   000000 000000 N01 00000000100000000100099000000215400000116400000000000000000 E6997033                                                                                                                                                                                                105 E IDAHO AVE          231020194600150823072523081600010  2600002                            000000000000000000000000000                       000000000000000000000000000                       000000000000000000000000000                       000000000000000000000000000                       000000000000000000000000000     23 2 00000000001  000000   Y20220003123
1518999994232310   000000 000000 N01 00000000100000000100082500000113320000030820000000000000000 E6997034                                                                                                                                                                                                101 E INDIANA AVE        231020194600188523080323081600007  2600001                            000000000000000000000000000                       000000000000000000000000000                       000000000000000000000000000                       000000000000000000000000000                       000000000000000000000000000     23 2 00000000001  000000   Y19860001854
1518999994232310   000000 000000 N05 00000000100000000100085000000116870000031870000000000000000 E6997035                                                                                                                                                                                                29 PANORAMA S            231020194600197822102423081600020  5800013                            000000000000000000000000000                       000000000000000000000000000                       000000000000000000000000000                       000000000000000000000000000                       000000000000000000000000000     22 2 00000000004  000000   Y19560001955
1518999994232310   000000 000000 N07 00250000000250000000058950000127600000068650000000005272500E 6997036                                                                                                                                                                                                112 W 17TH STREET        231020194610143723081023081700004  2200014                            000000000000000000000000000                       000000000000000000000000000                       000000000000000000000000000                       000000000000000000000000000                       000000000000000000000000000     23 2 00000000026 R231102   Y19900003638
1518999994232310   000000 000000 N07 00189900000189900000067500000124410000056910000000003944290E 6997037                                                                                                                                                                                                1050B LONG BEACH BLVD    231020194630053823071923081800018  5000002                            000000000000000000000000000                       000000000000000000000000000                       000000000000000000000000000                       000000000000000000000000000                       000000000000000000000000000     23 2 00000000026 R231102   Y19810002207
1518999994232310   000000 000000 N01 00000000100000000100101500000139310000037810000000000000000 E6997038                                                                                                                                                                                                108 E COLORADO AVE       231020194630061623071723081800010  1100011                            000000000000000000000000000                       000000000000000000000000000                       000000000000000000000000000                       000000000000000000000000000                       000000000000000000000000000     23 2 00000000001  000000   Y19630002220
1518999994232310   000000 000000 N04 00000000100000000100090000000132000000042000000000000000000 E6997039                                                                                                                                                                                                309 BEACH PLUM DRIVE     231020194630062823081023081800020 17500001                            000000000000000000000000000                       000000000000000000000000000                       000000000000000000000000000                       000000000000000000000000000                       000000000000000000000000000     23 2 00000000004  000000   Y19820001864
1518999994232310   000000 000000 N04 00000000100000000100075000000119850000044850000000000000000 E6997041                                                                                                                                                                                                10 E 36TH STREET         231020194630160523080823081800015 13000013                            000000000000000000000000000                       000000000000000000000000000                       000000000000000000000000000                       000000000000000000000000000                       000000000000000000000000000     23 2 00000000004  000000   Y20050002590
1518999994232310   000000 000000 N25 00000000100000000100086250000185060000098810000000000000000 E6997348                                                                                                                                                                                                8 E GOODRICH AVE         231020194670120923081723082400015  2300009  03                        000000000000000000000000000                       000000000000000000000000000                       000000000000000000000000000                       000000000000000000000000000                       000000000000000000000000000     23 2 00000000025  000000   Y20140003449
1518999994232310   000000 000000 N05 00000000100000000100105800000131350000025550000000000000000 E6997821                                                                                                                                                                                                33 W 87TH STREET         231020194680146822022423082500013  0400003                            000000000000000000000000000                       000000000000000000000000000                       000000000000000000000000000                       000000000000000000000000000                       000000000000000000000000000     22 2 00000000025  000000   Y19820002184
1518999994232310   000000 000000 N01 00000000100000000100090000000129500000039500000000000000000 E6997822                                                                                                                                                                                                1121A LONG BEACH BLVD    231020194690164423072723082800018 12100001  01                        000000000000000000000000000                       000000000000000000000000000                       000000000000000000000000000                       000000000000000000000000000                       000000000000000000000000000     23 2 00000000001  000000   Y19600002524
1518999994232310   000000 000000 N14 00000000000000000000074860000082460000007600000000000000000 E6997825                                                                                                                                                                                                9011 BEACH AVE           231020194710016723041223082900012  1800001                            000000000000000000000000000                       000000000000000000000000000                       000000000000000000000000000                       000000000000000000000000000                       000000000000000000000000000     23 2 00000000014  000000   Y19460001376
1518999994232310   000000 000000 N04 00000000100000000100061800000099050000037250000000000000000 E6997826                                                                                                                                                                                                7708 BAYVIEW AVE         231020194720074723081023083000014  1100003  05                        000000000000000000000000000                       000000000000000000000000000                       000000000000000000000000000                       000000000000000000000000000                       000000000000000000000000000     23 2 00000000004  000000   Y19870002034
1518999994232310   000000 000000 N01 00041000000041000000080370000087030000006660000000000331100E 6997828                                                                                                                                                                                                117 E 13TH STREET        231020194730101023082823083100004  0800006                            000000000000000000000000000                       000000000000000000000000000                       000000000000000000000000000                       000000000000000000000000000                       000000000000000000000000000     23 2 00000000001 R231102   Y19290000976
1518999994232310   000000 000000 N04 00000000100000000100058230000072770000014540000000000000000 E6997829                                                                                                                                                                                                8 E HOBART AVE           231020194730141923081823083100014  1300019                            000000000000000000000000000                       000000000000000000000000000                       000000000000000000000000000                       000000000000000000000000000                       000000000000000000000000000     23 2 00000000004  000000   Y19500001381
1518999994232310   000000 000000 N01 00000000100000000100065000000087690000022690000000000000000 E6997830                                                                                                                                                                                                9 E OLD WHALING LANE     231020194730164523082823083100008  1800007                            000000000000000000000000000                       000000000000000000000000000                       000000000000000000000000000                       000000000000000000000000000                       000000000000000000000000000     23 2 00000000001  000000   Y19690002208
1518999994232310   000000 000000 N07 00465000000465000000177650000332000000154350000000010024000E 6998011                                                                                                                                                                                                107 E JEANETTE AVE       231020194760138623082823090500014  1400003                            000000000000000000000000000                       000000000000000000000000000                       000000000000000000000000000                       000000000000000000000000000                       000000000000000000000000000     23 2 00000000026 R231102   Y20170004339
1518999994232310   000000 000000 N04 00000010000000010000066000000126530000060530000000000000000 E6999002                                                                                                                                                                                                8 E BAY BERRY DRIVE      231020194770032423081523090600012  0800016                            000000000000000000000000000                       000000000000000000000000000                       000000000000000000000000000                       000000000000000000000000000                       000000000000000000000000000     23 2 00000000004  000000   Y20140002243
1518999994232310   000000 000000 N04 00000000100000000100058000000074800000016800000000000000000 E6999003                                                                                                                                                                                                77 AUBURN ROAD           231020194770111623082823090600023  0300001                            000000000000000000000000000                       000000000000000000000000000                       000000000000000000000000000                       000000000000000000000000000                       000000000000000000000000000     23 2 00000000004  000000   Y19670001644
1518999994232310   000000 000000 N25 00000001000000001000242250000264510000022260000000000000000 E6999004                                                                                                                                                                                                4505-07 OCEAN BLVD       231020194770138223082223090600015 10000002                            000000000000000000000000000                       000000000000000000000000000                       000000000000000000000000000                       000000000000000000000000000                       000000000000000000000000000     23 2 00000000025  000000   Y19660002992
1518999994232310   000000 000000 N25 00000000100000000100096250000113880000017630000000000000000 E6999005                                                                                                                                                                                                102 W SOUTH 33RD STREET  231020194770140023082123090600006  3600001  02                        000000000000000000000000000                       000000000000000000000000000                       000000000000000000000000000                       000000000000000000000000000                       000000000000000000000000000     23 2 00000000025  000000   Y19810001396
1518999994232310   000000 000000 N01 00000000100000000100045480000054890000009410000000000000000 E6999006                                                                                                                                                                                                30 W JACQUELINE AVE      231020194780104523083123090600001  2800016                            000000000000000000000000000                       000000000000000000000000000                       000000000000000000000000000                       000000000000000000000000000                       000000000000000000000000000     23 2 00000000001  000000   Y19750000768
1518999994232310   000000 000000 N07 00112500000112500000048480000066780000018300000000002233750E 6999007                                                                                                                                                                                                7207 SEAGULL AVE         231020194780118923090123090700015  0400002                            000000000000000000000000000                       000000000000000000000000000                       000000000000000000000000000                       000000000000000000000000000                       000000000000000000000000000     23 2 00000000026 R231102   Y19870001288
1518999994232310   000000 000000 N04 00000000100000000100052650000068890000016240000000000000000 E6999009                                                                                                                                                                                                7804 BAYVIEW AVE         231020194780156923082223090700014  0700014                            000000000000000000000000000                       000000000000000000000000000                       000000000000000000000000000                       000000000000000000000000000                       000000000000000000000000000     23 2 00000000004  000000   Y19290000900
1518999994232310   000000 000000 N25 00000000100000000100064400000077300000012900000000000000000 E6999013                                                                                                                                                                                                4 E 19TH STREET          231020194800109123050823090800004  3600013                            000000000000000000000000000                       000000000000000000000000000                       000000000000000000000000000                       000000000000000000000000000                       000000000000000000000000000     23 2 00000000025  000000   Y19550001572
1518999994232310   000000 000000 N14 00000000100000000100077250000116570000039320000000000000000 E6999014                                                                                                                                                                                                6 E KIRKLAND AVE         231020194800165423090823090800015  6400011                            000000000000000000000000000                       000000000000000000000000000                       000000000000000000000000000                       000000000000000000000000000                       000000000000000000000000000     23 2 00000000014  000000   Y20000002282
1518999994232310   000000 000000 N07 00212500000212500000145350000160800000015450000000004443750E 6999015                                                                                                                                                                                                3205 OCEAN BLVD          231020194810134823090123091100015 14600002                            000000000000000000000000000                       000000000000000000000000000                       000000000000000000000000000                       000000000000000000000000000                       000000000000000000000000000     23 2 00000000026 R231102   Y19500001600
1518999994232310   000000 000000 N07 00163500000163500000046350000071520000025170000000003360850E 6999016                                                                                                                                                                                                106 W OHIO AVE           231020194810146323081823091100007  2300014                            000000000000000000000000000                       000000000000000000000000000                       000000000000000000000000000                       000000000000000000000000000                       000000000000000000000000000     23 2 00000000026 R231102   Y19700001782
1518999994232310   000000 000000 N04 00000000100000000100092160000102030000009870000000000000000 E6999020                                                                                                                                                                                                113 E MERMAID LANE       231020194820141323082423091200013  0300004                            000000000000000000000000000                       000000000000000000000000000                       000000000000000000000000000                       000000000000000000000000000                       000000000000000000000000000     23 2 00000000004  000000   Y19650001728
1518999994232310   000000 000000 N10 00195000000195000000067500000141210000073710000000004057000E 6999022                                                                                                                                                                                                1016C LONG BEACH BLVD    231020194840155523083123091300018  1600001  03                        000000000000000000000000000                       000000000000000000000000000                       000000000000000000000000000                       000000000000000000000000000                       000000000000000000000000000     23 2 00000000010 R231102   Y20030003398
1518999994232310   000000 000000 N04 00000000100000000100086250000103000000016750000000000000000 E6999023                                                                                                                                                                                                17 E BURWELL AVE         231020194850000523080423091400015  1200004                            000000000000000000000000000                       000000000000000000000000000                       000000000000000000000000000                       000000000000000000000000000                       000000000000000000000000000     23 2 00000000004  000000   Y19590001908
1518999994232310   000000 000000 N25 00000000100000000100085500000100570000015070000000000000000 E6999025                                                                                                                                                                                                4002 OCEAN BLVD          231020194870142523061423091800015 11600011                            000000000000000000000000000                       000000000000000000000000000                       000000000000000000000000000                       000000000000000000000000000                       000000000000000000000000000     23 2 00000000025  000000   Y19460001474
1518999994232310   000000 000000 N07 00282000000282000000073000000193360000120360000000005979700E 6999027                                                                                                                                                                                                59 HOLLY DRIVE           231020194890022023090123091900020 17200018                            000000000000000000000000000                       000000000000000000000000000                       000000000000000000000000000                       000000000000000000000000000                       000000000000000000000000000     23 2 00000000026 R231031   Y20190003979
1518999994232310   000000 000000 N04 00000000100000000100151810000218600000066790000000000000000 E6999030                                                                                                                                                                                                114 E SURF AVE           231020194900040623091123092000014  0400006                            000000000000000000000000000                       000000000000000000000000000                       000000000000000000000000000                       000000000000000000000000000                       000000000000000000000000000     23 2 00000000004  000000   Y19510002626
1518999994232310   000000 000000 N05 00000000100000000100055200000080060000024860000000000000000 E6999032                                                                                                                                                                                                1 W 38TH STREET          231020194920008322072023092100015 12500008                            000000000000000000000000000                       000000000000000000000000000                       000000000000000000000000000                       000000000000000000000000000                       000000000000000000000000000     22 2 00000000001  000000   Y19950001848
1518999994232310   000000 000000 N25 00000000100000000100046800000066330000019530000000000000000 E6999033                                                                                                                                                                                                4 W ALABAMA AVE          231020194920038423092123092100011  2300046                            000000000000000000000000000                       000000000000000000000000000                       000000000000000000000000000                       000000000000000000000000000                       000000000000000000000000000     23 2 00000000025  000000   Y19600001563
1518999994232310   000000 000000 N01 00000000100000000100054570000095050000040480000000000000000 E6999596                                                                                                                                                                                                4 W GROSSER STREET       231020194920124823091623092200001  9500002                            000000000000000000000000000                       000000000000000000000000000                       000000000000000000000000000                       000000000000000000000000000                       000000000000000000000000000     23 2 00000000001  000000   Y19880002592
1518999994232310   000000 000000 N10 00153000000153000000067500000103960000036460000000003128800E 6999597                                                                                                                                                                                                1096C LONG BEACH BLVD    231020194920156723091323092200018  9600002                            000000000000000000000000000                       000000000000000000000000000                       000000000000000000000000000                       000000000000000000000000000                       000000000000000000000000000     23 2 00000000010 R231031   Y19860002261
1518999994232310   000000 000000 N01 00000000000000000000058760000070150000011390000000000000000 E6999598                                                                                                                                                                                                130 W MARYLAND AVE       231020194930064223081023092200007  0100018                            000000000000000000000000000                       000000000000000000000000000                       000000000000000000000000000                       000000000000000000000000000                       000000000000000000000000000     23 2 00000000001  000000   Y19250002016
1518999994232310   000000 000000 N07 00310000000310000000068400000160090000091690000000006598500E 6999599                                                                                                                                                                                                112 E 28TH STREET        231020194930083623090523092200006  0700015                            000000000000000000000000000                       000000000000000000000000000                       000000000000000000000000000                       000000000000000000000000000                       000000000000000000000000000     23 2 00000000026 R231031   Y19550003071
1518999994232310   000000 000000 N04 00000000000000000000082500000102260000019760000000000000000 E6999600                                                                                                                                                                                                30 E COLORADO AVE        231020194930086823091323092200010  1000007                            000000000000000000000000000                       000000000000000000000000000                       000000000000000000000000000                       000000000000000000000000000                       000000000000000000000000000     23 2 00000000004  000000   Y19500001704
1518999994232310   000000 000000 N01 00000000100000000100067500000077130000009630000000000000000 E6999601                                                                                                                                                                                                10 E 85TH STREET         231020194930145123091323092500013  0800013                            000000000000000000000000000                       000000000000000000000000000                       000000000000000000000000000                       000000000000000000000000000                       000000000000000000000000000     23 2 00000000001  000000   Y19630000864
1518999994232310   000000 000000 N07 00135000000135000000073600000090950000017350000000002731000E 6999602                                                                                                                                                                                                112 W 15TH STREET        231020194930163123083123092500004  1000005                            000000000000000000000000000                       000000000000000000000000000                       000000000000000000000000000                       000000000000000000000000000                       000000000000000000000000000     23 2 00000000026 R231031   Y19700001800
1518999994232310   000000 000000 N01 00000000100000000100065250000085690000020440000000000000000 E6999603                                                                                                                                                                                                42 ARNOLD BLVD           231020194930163923091623092500023  0600014                            000000000000000000000000000                       000000000000000000000000000                       000000000000000000000000000                       000000000000000000000000000                       000000000000000000000000000     23 2 00000000001  000000   Y19830001518
1518999994232310   000000 000000 N07 00235000000235000000060000000111500000051500000000004941000E 6999604                                                                                                                                                                                                15 WEST MURIEL AVENUE    231020194950014123090823092600011  3900004                            000000000000000000000000000                       000000000000000000000000000                       000000000000000000000000000                       000000000000000000000000000                       000000000000000000000000000     23 2 00000000026 R231031   Y20110002108
1518999994232310   000000 000000 N01 00000000100000000100132500000159820000027320000000000000000 E6999605                                                                                                                                                                                                4909 S LONG BEACH BLVD   231020194950019923091223092600001  2500004                            000000000000000000000000000                       000000000000000000000000000                       000000000000000000000000000                       000000000000000000000000000                       000000000000000000000000000     23 2 00000000001  000000   Y19810002304
1518999994232310   000000 000000 N01 00000000100000000100046350000068000000021650000000000000000 E6999606                                                                                                                                                                                                102 W OHIO AVE           231020194960092923091923092700007  2300012                            000000000000000000000000000                       000000000000000000000000000                       000000000000000000000000000                       000000000000000000000000000                       000000000000000000000000000     23 2 00000000001  000000   Y19620001896
1518999994232310   000000 000000 N07 00160000000160000000049500000081860000032360000000003283500E 6999607                                                                                                                                                                                                9C ARNOLD BLVD           231020194980009523092123092800025 12100018                            000000000000000000000000000                       000000000000000000000000000                       000000000000000000000000000                       000000000000000000000000000                       000000000000000000000000000     23 2 00000000026 R231031   Y19870002252
1518999994232310   000000 000000 N04 00000000100000000100085000000188300000103300000000000000000 E6999608                                                                                                                                                                                                48 HARBOR LANE           231020195010048023092923100300020  6000001                            000000000000000000000000000                       000000000000000000000000000                       000000000000000000000000000                       000000000000000000000000000                       000000000000000000000000000     23 2 00000000004  000000   Y20040003546
1518999994232310   000000 000000 N04 00000000100000000100108350000126580000018230000000000000000 E6999609                                                                                                                                                                                                2111 ATLANTIC AVE        231020195020011823092823100300005  0700002                            000000000000000000000000000                       000000000000000000000000000                       000000000000000000000000000                       000000000000000000000000000                       000000000000000000000000000     23 2 00000000004  000000   Y19210001920
1518999994232310   000000 000000 N10 00230000000230000000090000000112760000022760000000004830500E 6999900                                                                                                                                                                                                122 LAGUNA LANE          231027195020033123092123100400020  7200011                            000000000000000000000000000                       000000000000000000000000000                       000000000000000000000000000                       000000000000000000000000000                       000000000000000000000000000     23 2 00000000010 R231102   Y19700002040
1518999994232310   000000 000000 N07 00397000000397000000090000000218060000128060000000008521200E 6999901                                                                                                                                                                                                79B LONG BEACH BLVD      231027195020066923092123100400020  8900002                            000000000000000000000000000                       000000000000000000000000000                       000000000000000000000000000                       000000000000000000000000000                       000000000000000000000000000     23 2 00000000026 R231102   Y20100004444
1518999994232310   000000 000000 N08 00030000000030000000090630000108710000018080000000000171500E 6999902                                                                                                                                                                                                116 W 17TH STREET        231027195020090323092723100400004  2200015                            000000000000000000000000000                       000000000000000000000000000                       000000000000000000000000000                       000000000000000000000000000                       000000000000000000000000000     23 2 00000000008 R231102   Y19840001090
1518999994232310   000000 000000 N04 00000000100000000100145350000160800000015450000000000000000 E6999903                                                                                                                                                                                                3205 OCEAN BLVD          231027195020093923092923100400015 14600002                            000000000000000000000000000                       000000000000000000000000000                       000000000000000000000000000                       000000000000000000000000000                       000000000000000000000000000     23 2 00000000004  000000   Y19500001600
1518999994232310   000000 000000 N05 00067500000067500000000000000000000000000000000000000000000 E6999904                                                                                                                                                                                                3 W CHATHAM ROAD         231027195030010615081523100400001  9700002                            000000000000000000000000000                       000000000000000000000000000                       000000000000000000000000000                       000000000000000000000000000                       000000000000000000000000000     15 2 00000000004 R231102   Y19810001451
1518999994232310   000000 000000 N04 00000010000000010000066000000126530000060530000000000000000 E6999906                                                                                                                                                                                                8 E BAY BERRY DRIVE      231027195050110523081523101000012  0800016                            000000000000000000000000000                       000000000000000000000000000                       000000000000000000000000000                       000000000000000000000000000                       000000000000000000000000000     23 2 00000000004  000000   Y20140002243
1518999994232310   000000 000000 N04 00000000100000000100132500000159820000027320000000000000000 E6999907                                                                                                                                                                                                4909 S LONG BEACH BLVD   231027195060014223091223101000001  2500004                            000000000000000000000000000                       000000000000000000000000000                       000000000000000000000000000                       000000000000000000000000000                       000000000000000000000000000     23 2 00000000004  000000   Y19810002304
1518999994232310   000000 000000 N07 00190000000190000000076950000097300000020350000000003946500E 6999908                                                                                                                                                                                                129 E SOUTH 32ND STREET  231027195070001023092523101000006  3400002                            000000000000000000000000000                       000000000000000000000000000                       000000000000000000000000000                       000000000000000000000000000                       000000000000000000000000000     23 2 00000000026 R231102   Y19440002146
1518999994232311   000000 000000 N25 00000010000000010000058500000089830000031330000000000000000 E7000333                                                                                                                                                                                                10 W MERMAID LANE        231110195080136723092923101200012  2200011  03                        000000000000000000000000000                       000000000000000000000000000                       000000000000000000000000000                       000000000000000000000000000                       000000000000000000000000000     23 2 00000000025  000000   Y19930001672
1518999994232311   000000 000000 N25 00000010000000010000067500000188680000121180000000000000000 E7000334                                                                                                                                                                                                1100F LONG BEACH BLVD    231110195080140923100523101200018 10000006                            000000000000000000000000000                       000000000000000000000000000                       000000000000000000000000000                       000000000000000000000000000                       000000000000000000000000000     23 2 00000000025  000000   Y20160003966
1518999994232311   000000 000000 N04 00000000100000000100065000000087690000022690000000000000000 E7000335                                                                                                                                                                                                9 E OLD WHALING LANE     231110195090144423092123101300008  1800007                            000000000000000000000000000                       000000000000000000000000000                       000000000000000000000000000                       000000000000000000000000000                       000000000000000000000000000     23 2 00000000004  000000   Y19690002208
1518999994232311   000000 000000 N04 00000000100000000100086250000185060000098810000000000000000 E7000336                                                                                                                                                                                                8 E GOODRICH AVE         231110195090156523092723101300015  2300009  03                        000000000000000000000000000                       000000000000000000000000000                       000000000000000000000000000                       000000000000000000000000000                       000000000000000000000000000     23 2 00000000004  000000   Y20140003449
1518999994232311   000000 000000 N25 00000001000000001000057150000086740000029590000000000000000 E7000338                                                                                                                                                                                                3 W BOND AVE             231110195090172423092123101300015  0800005                            000000000000000000000000000                       000000000000000000000000000                       000000000000000000000000000                       000000000000000000000000000                       000000000000000000000000000     23 2 00000000025  000000   Y19780001726
1518999994232311   000000 000000 N07 00082500000082500000035000000050060000015060000000000757000E 7000340                                                                                                                                                                                                7301 LONG BEACH BLVD #A3 231110195100024123100923101300015  0500014                            000000000000000000000000000                       000000000000000000000000000                       000000000000000000000000000                       000000000000000000000000000                       000000000000000000000000000C100323 2 00000000026 R231116 Y Y19850001264
1518999994232311   000000 000000 N04 00000000100000000100143100000186610000043510000000000000000 E7000341                                                                                                                                                                                                4405 S LONG BEACH BLVD   231110195100177023101323101600001  3900003                            000000000000000000000000000                       000000000000000000000000000                       000000000000000000000000000                       000000000000000000000000000                       000000000000000000000000000     23 2 00000000004  000000   Y19780002856
1518999994232311   000000 000000 N01 00000001000000001000063750000086170000022420000000000000000 E7000342                                                                                                                                                                                                9112 BEACH AVE           231110195110111623092623101600012  1400008                            000000000000000000000000000                       000000000000000000000000000                       000000000000000000000000000                       000000000000000000000000000                       000000000000000000000000000     23 2 00000000001  000000   Y19440001768
1518999994232311   000000 000000 N25 00000000100000000100063000000076980000013980000000000000000 E7000343                                                                                                                                                                                                1914 BEACH AVE           231110195120039723092623101700004  4200013                            000000000000000000000000000                       000000000000000000000000000                       000000000000000000000000000                       000000000000000000000000000                       000000000000000000000000000     23 2 00000000025  000000   Y19550001672
1518999994232311   000000 000000 N07 00181250000181250000072500000089920000017420000000003753125E 7000345                                                                                                                                                                                                58 ADRIAN ROAD           231110195120180923101023101700023  0300016                            000000000000000000000000000                       000000000000000000000000000                       000000000000000000000000000                       000000000000000000000000000                       000000000000000000000000000     23 2 00000000026 R231116   Y19660001649
1518999994232311   000000 000000 N25 00000000000000000000000000000000000000000000000000000000000 E7000346                                                                                                                                                                                                12 W HARDING AVE U-A     231110195120186323101323101700001  1300020                            000000000000000000000000000                       000000000000000000000000000                       000000000000000000000000000                       000000000000000000000000000                       000000000000000000000000000C000123 2 00000000025  000000 Y Y20060001984
1518999994232311   000000 000000 N25 00000000000000000000000000000000000000000000000000000000000 E7000347                                                                                                                                                                                                12 W HARDING AVE U-B     231110195120187223101323101700001  1300020                            000000000000000000000000000                       000000000000000000000000000                       000000000000000000000000000                       000000000000000000000000000                       000000000000000000000000000C000223 2 00000000025  000000 Y Y20060001889
1518999994232311   000000 000000 N07 00174900000174900000090750000111330000020580000000003612790E 7000348                                                                                                                                                                                                104 E MAC EVOY LANE      231110195130116623092223101800008  2500019                            000000000000000000000000000                       000000000000000000000000000                       000000000000000000000000000                       000000000000000000000000000                       000000000000000000000000000     23 2 00000000026 R231116   Y19650001948
1518999994232311   000000 000000 N04 00000000100000000100053500000062520000009020000000000000000 E7001144                                                                                                                                                                                                5204 WEST AVE            231201195140147523100323101900001  1500002                            000000000000000000000000000                       000000000000000000000000000                       000000000000000000000000000                       000000000000000000000000000                       000000000000000000000000000     23 2 00000000004  000000   Y19750001344
1518999994232311   000000 000000 N25 00000000100000000100063000000070090000007090000000000000000 E7001147                                                                                                                                                                                                1310 BEACH AVE           231201195150193723101023102000004  0700008                            000000000000000000000000000                       000000000000000000000000000                       000000000000000000000000000                       000000000000000000000000000                       000000000000000000000000000     23 2 00000000025  000000   Y19500000942
1518999994232311   000000 000000 N04 00000000100000000100090000000164020000074020000000000000000 E7001308                                                                                                                                                                                                246 OCEANA DRIVE         231201195250082523102523103100020  9200006                            000000000000000000000000000                       000000000000000000000000000                       000000000000000000000000000                       000000000000000000000000000                       000000000000000000000000000     23 2 00000000004  000000   Y20000001863
1518999994232311   000000 000000 N25 00000000000000000000024410000050890000026480000000000000000 E7001309                                                                                                                                                                                                2301 LONG BEACH BLVD U-1 231201195250191823102723110100005  1300014                            000000000000000000000000000                       000000000000000000000000000                       000000000000000000000000000                       000000000000000000000000000                       000000000000000000000000000C000123 2 00000000025  000000 Y Y19840001220
1518999994232311   000000 000000 N07 00214500000214500000060000000125220000065220000000004487950E 7001310                                                                                                                                                                                                2A LONG BEACH BLVD       231201195260003723101923110100020  0200001                            000000000000000000000000000                       000000000000000000000000000                       000000000000000000000000000                       000000000000000000000000000                       000000000000000000000000000     23 2 00000000026 R231205   Y20010002358
1518999994232311   000000 000000 N04 00000000100000000100057980000096100000038120000000000000000 E7001311                                                                                                                                                                                                101 W CULVER AVE         231201195260089223100223110100014  1900001  07                        000000000000000000000000000                       000000000000000000000000000                       000000000000000000000000000                       000000000000000000000000000                       000000000000000000000000000     23 2 00000000004  000000   Y19900001840
1518999994232311   000000 000000 N04 00000000100000000100056710000095800000039090000000000000000 E7001312                                                                                                                                                                                                101 W STARR AVE          231201195260120923102423110100001  5900001  01                        000000000000000000000000000                       000000000000000000000000000                       000000000000000000000000000                       000000000000000000000000000                       000000000000000000000000000     23 2 00000000004  000000   Y19890002321
1518999994232311   000000 000000 N01 00000000100000000100053500000081130000027630000000000000000 E7001313                                                                                                                                                                                                11 W CHATHAM ROAD        231201195260178423102423110100001  9700006                            000000000000000000000000000                       000000000000000000000000000                       000000000000000000000000000                       000000000000000000000000000                       000000000000000000000000000     23 2 00000000001  000000   Y19830001696
1518999994232311   000000 000000 N06 00115000000115000000000000000000000000000000000000002289000E 7001424                                                                                                                                                                                                12 W HARDING AVE U-B     231201195270024023101323110200001  1300020                            000000000000000000000000000                       000000000000000000000000000                       000000000000000000000000000                       000000000000000000000000000                       000000000000000000000000000C000223 2 00000000006 R231205   Y20060001889
1518999994232311   000000 000000 N07 00180000000180000000082700000132680000049980000000002811500EA7001428                                                                                                                                                                                                2704 LONG BEACH BLVD     231201195280183323071823110300006  0100003  01                        000000000000000000000000000                       000000000000000000000000000                       000000000000000000000000000                       000000000000000000000000000                       000000000000000000000000000     23 2 00000000026 R231205   Y19980002288
1518999994232312   000000 000000 N01 00003941500003941500075000000083910000008910000000000015800E 7001881                                                                                                                                                                                                12 E LILLIE AVE          231208195290123223101023110600011  1100015                            000000000000000000000000000                       000000000000000000000000000                       000000000000000000000000000                       000000000000000000000000000                       000000000000000000000000000     23 2 00000000001 R231212   Y19550001092
1518999994232312   000000 000000 N08 00007056400007056400070560000083890000013330000000000028400E 7001882                                                                                                                                                                                                7700 OCEAN BLVD          231208195290126523101623110600014  1300014                            000000000000000000000000000                       000000000000000000000000000                       000000000000000000000000000                       000000000000000000000000000                       000000000000000000000000000     23 2 00000000008 R231212   Y19350001296
1518999994232312   000000 000000 N01 00000000100000000100085500000113020000027520000000000000000 E7001885                                                                                                                                                                                                29 E 41ST STREET         231208195310032023110323110800015 11600008                            000000000000000000000000000                       000000000000000000000000000                       000000000000000000000000000                       000000000000000000000000000                       000000000000000000000000000     23 2 00000000001  000000   Y19380002230
1518999994232312   000000 000000 N01 00000000100000000100067500000142800000075300000000000000000 E7001886                                                                                                                                                                                                22 E RHODE ISLAND AVE    231208195330071923103023110900013  1700009                            000000000000000000000000000                       000000000000000000000000000                       000000000000000000000000000                       000000000000000000000000000                       000000000000000000000000000     23 2 00000000001  000000   Y20210002060
1518999994232312   000000 000000 N07 00158900000158900000072500000091700000019200000000003259190E 7001887                                                                                                                                                                                                29 ALMA ROAD             231208195330083623110323110900023  0800025                            000000000000000000000000000                       000000000000000000000000000                       000000000000000000000000000                       000000000000000000000000000                       000000000000000000000000000     23 2 00000000026 R231212   Y19540001500
1518999994232312   000000 000000 N07 00385000000385000000124920000177000000052080000000008256000E 7001888                                                                                                                                                                                                210 E 28TH STREET        231208195330117723103023110900006  0800008                            000000000000000000000000000                       000000000000000000000000000                       000000000000000000000000000                       000000000000000000000000000                       000000000000000000000000000     23 2 00000000026 R231212   Y19950002278
1518999994232312   000000 000000 N01 00000000000000000000069850000161950000092100000000000000000 E7001889                                                                                                                                                                                                17 W MISSISSIPPI AVE     231208195340151123092023110900010  1900004  03                        000000000000000000000000000                       000000000000000000000000000                       000000000000000000000000000                       000000000000000000000000000                       000000000000000000000000000     23 2 00000000001  000000   Y20100002804
1518999994232312   000000 000000 N04 00000000000000000000052650000133640000080990000000000000000 E7001890                                                                                                                                                                                                36 W ALABAMA AVE         231208195340151823092023110900011  2300030                            000000000000000000000000000                       000000000000000000000000000                       000000000000000000000000000                       000000000000000000000000000                       000000000000000000000000000     23 2 00000000004  000000   Y20220002228
1518999994232312   000000 000000 N10 00000001000000001000125880000156660000030780000000000000000 E7001891                                                                                                                                                                                                4301 S LONG BEACH BLVD   231208195340192823110623110900001  4500001                            000000000000000000000000000                       000000000000000000000000000                       000000000000000000000000000                       000000000000000000000000000                       000000000000000000000000000     23 2 00000000010  000000   Y19880002016
1518999994232312   000000 000000 N07 00129900000129900000046080000069060000022980000000002618290E 7001892                                                                                                                                                                                                2 W BAY BERRY DRIVE      231208195350057723101323111300011  3500001                            000000000000000000000000000                       000000000000000000000000000                       000000000000000000000000000                       000000000000000000000000000                       000000000000000000000000000     23 2 00000000026 R231212   Y19980001248
1518999994232312   000000 000000 N04 00000000000000000000047250000085430000038180000000000000000 E7001893                                                                                                                                                                                                8 W FARRAGUT AVE         231208195350136923110223111300015  3800008                            000000000000000000000000000                       000000000000000000000000000                       000000000000000000000000000                       000000000000000000000000000                       000000000000000000000000000     23 2 00000000004  000000   Y19600002412
1518999994232312   000000 000000 N04 00000000100000000100039550000107010000067460000000000000000 E7001895                                                                                                                                                                                                15 W 13TH STREET U-1     231208195360164923111023111300004  0600003                            000000000000000000000000000                       000000000000000000000000000                       000000000000000000000000000                       000000000000000000000000000                       000000000000000000000000000C000123 2 00000000004  000000 Y Y20040002156
1518999994232312   000000 000000 N01 00000000100000000100075000000083910000008910000000000000000 E7002007                                                                                                                                                                                                12 E LILLIE AVE          231208195290122523101923110600011  1100015                            000000000000000000000000000                       000000000000000000000000000                       000000000000000000000000000                       000000000000000000000000000                       000000000000000000000000000     23 2 00000000001  000000   Y19550001092
1518999994232312   000000 000000 N04 00000000100000000100063000000076980000013980000000000000000 E7002008                                                                                                                                                                                                1914 BEACH AVE           231208195370060123110823111400004  4200013                            000000000000000000000000000                       000000000000000000000000000                       000000000000000000000000000                       000000000000000000000000000                       000000000000000000000000000     23 2 00000000004  000000   Y19550001672
1518999994232312   000000 000000 N01 00000000100000000100047250000059920000012670000000000000000 E7002010                                                                                                                                                                                                2 W BEARDSLEY AVE        231208195390072923111023111600015  5900010                            000000000000000000000000000                       000000000000000000000000000                       000000000000000000000000000                       000000000000000000000000000                       000000000000000000000000000     23 2 00000000001  000000   Y19540001368
1518999994232312   000000 000000 N04 00000001000000001000365000000399740000034740000000000000000 E7002011                                                                                                                                                                                                1005 LONG BEACH BLVD     231208195400140323110123111700018  0500001                            000000000000000000000000000                       000000000000000000000000000                       000000000000000000000000000                       000000000000000000000000000                       000000000000000000000000000     23 2 00000000004  000000   Y19460003648
1518999994232312   000000 000000 N01 00000000100000000100076200000166930000090730000000000000000 E7002012                                                                                                                                                                                                31 W MISSISSIPPI AVE     231208195410086423091223111700010  1900002                            000000000000000000000000000                       000000000000000000000000000                       000000000000000000000000000                       000000000000000000000000000                       000000000000000000000000000     23 2 00000000001  000000   Y20030003150
1518999994232312   000000 000000 N01 00000000100000000100081500000104370000022870000000000000000 E7002559                                                                                                                                                                                                11 W RYERSON LANE        231222195410146423101123112000008  1000013                            000000000000000000000000000                       000000000000000000000000000                       000000000000000000000000000                       000000000000000000000000000                       000000000000000000000000000     23 2 00000000001  000000   Y19680001948
1518999994232312   000000 000000 N04 00000000100000000100013900000020440000006540000000000000000 E7002612                                                                                                                                                                                                5302 S LONG BEACH BLVD U1231222195440078623103123112200001  1300015                            000000000000000000000000000                       000000000000000000000000000                       000000000000000000000000000                       000000000000000000000000000                       000000000000000000000000000C000123 2 00000000004  000000 Y Y19700000494
1518999994232312   000000 000000 N25 00000000100000000100069850000099240000029390000000000000000 E7002730                                                                                                                                                                                                5901 BAYVIEW AVE         231222195310075723090623110800015  4400016                            000000000000000000000000000                       000000000000000000000000000                       000000000000000000000000000                       000000000000000000000000000                       000000000000000000000000000     23 2 00000000025  000000   Y19540002350
1518999994232312   000000 000000 N04 00000000100000000100076200000166930000090730000000000000000 E7002732                                                                                                                                                                                                31 W MISSISSIPPI AVE     231222195440190723091223112200010  1900002                            000000000000000000000000000                       000000000000000000000000000                       000000000000000000000000000                       000000000000000000000000000                       000000000000000000000000000     23 2 00000000004  000000   Y20030003150
1518999994232312   000000 000000 N07 00153900000153900000044550000101120000056570000000003148690E 7002733                                                                                                                                                                                                5A SUNSET BLVD           231222195450110823111523112400025 12100006                            000000000000000000000000000                       000000000000000000000000000                       000000000000000000000000000                       000000000000000000000000000                       000000000000000000000000000     23 2 00000000026 R240102   Y19980002778
1518999994232312   000000 000000 N04 00000000100000000100056000000070020000014020000000000000000 E7002734                                                                                                                                                                                                10 E 16TH STREET         231222195460139123111523112700004  1900015                            000000000000000000000000000                       000000000000000000000000000                       000000000000000000000000000                       000000000000000000000000000                       000000000000000000000000000     23 2 00000000004  000000   Y19550001080
1518999994232312   000000 000000 N01 00000000100000000100060000000117310000057310000000000000000 E7002735                                                                                                                                                                                                132A LONG BEACH BLVD     231222195470079423112023112800020 12800001                            000000000000000000000000000                       000000000000000000000000000                       000000000000000000000000000                       000000000000000000000000000                       000000000000000000000000000     23 2 00000000001  000000   Y19970003147
1518999994232312   000000 000000 N04 00000000100000000100061500000079580000018080000000000000000 E7002736                                                                                                                                                                                                26 E SEA BREEZE DRIVE    231222195470091123112123112800012  0400010                            000000000000000000000000000                       000000000000000000000000000                       000000000000000000000000000                       000000000000000000000000000                       000000000000000000000000000     23 2 00000000004  000000   Y19550001551
1518999994232312   000000 000000 N01 00000001000000001000135000000154760000019760000000000000000 E7002737                                                                                                                                                                                                214 E 16TH STREET        231222195470126923110823112800004  2100011                            000000000000000000000000000                       000000000000000000000000000                       000000000000000000000000000                       000000000000000000000000000                       000000000000000000000000000     23 2 00000000001  000000   Y19650002048
1518999994232312   000000 000000 N14 00000001000000001000070000000106780000036780000000000000000 E7002738                                                                                                                                                                                                30 W BAY BERRY DRIVE     231222195480165823111323112900011  3400015                            000000000000000000000000000                       000000000000000000000000000                       000000000000000000000000000                       000000000000000000000000000                       000000000000000000000000000     23 2 00000000014  000000   Y19930001704
1518999994232312   000000 000000 N07 00240000000240000000090000000114240000024240000000005051500E 7002739                                                                                                                                                                                                153B LONG BEACH BLVD     231222195500018323080223113000020 15200002                            000000000000000000000000000                       000000000000000000000000000                       000000000000000000000000000                       000000000000000000000000000                       000000000000000000000000000     23 2 00000000026 R240102   Y19630001493
1518999994232312   000000 000000 N04 00000000100000000100134500000210520000076020000000000000000 E7002741                                                                                                                                                                                                12106 N OLD WHALING LANE 231222195510130323112823120400008  1700028                            000000000000000000000000000                       000000000000000000000000000                       000000000000000000000000000                       000000000000000000000000000                       000000000000000000000000000     23 2 00000000004  000000   Y19960003009
1518999994232312   000000 000000 N01 00215000000215000000094500000147120000052620000000000000000 E7002742                                                                                                                                                                                                288 RIVIERA DRIVE        231222195510132523101623120400020 10600003                            000000000000000000000000000                       000000000000000000000000000                       000000000000000000000000000                       000000000000000000000000000                       000000000000000000000000000     23 2 00000000001 R240102   Y19860001938
1518999994232312   000000 000000 N01 00000000100000000100052500000095700000043200000000000000000 E7002743                                                                                                                                                                                                15 W MAC EVOY LANE       231222195510154723092523120400008  1700023                            000000000000000000000000000                       000000000000000000000000000                       000000000000000000000000000                       000000000000000000000000000                       000000000000000000000000000     23 2 00000000001  000000   Y19850002224
1518999994232401   000000 000000 N25 00000000100000000100090000000147900000057900000000000000000 E7003021                                                                                                                                                                                                1069A LONG BEACH BLVD    240105195520175623112923120500018  6900001                            000000000000000000000000000                       000000000000000000000000000                       000000000000000000000000000                       000000000000000000000000000                       000000000000000000000000000     23 2 00000000025  000000   Y20040002518
1518999994232401   000000 000000 N04 00000000100000000100090000000107500000017500000000000000000 E7003022                                                                                                                                                                                                146 LAGUNA LANE          240105195530011423112723120500020  7400002                            000000000000000000000000000                       000000000000000000000000000                       000000000000000000000000000                       000000000000000000000000000                       000000000000000000000000000     23 2 00000000004  000000   Y19640001664
1518999994232401   000000 000000 N04 00000000100000000100118960000225890000106930000000000000000 E7003023                                                                                                                                                                                                114 E HERBERT AVE        240105195530140723120123120500011  3200009  01                        000000000000000000000000000                       000000000000000000000000000                       000000000000000000000000000                       000000000000000000000000000                       000000000000000000000000000     23 2 00000000004  000000   Y20180003262
1518999994232401   000000 000000 N01 00000000100000000100064410000081340000016930000000000000000 E7003024                                                                                                                                                                                                14 W 19TH STREET         240105195530167123111623120500004  3500008                            000000000000000000000000000                       000000000000000000000000000                       000000000000000000000000000                       000000000000000000000000000                       000000000000000000000000000     23 2 00000000001  000000   Y19550001656
1518999994232401   000000 000000 N07 00115500000115500000054990000069460000014470000000001727900EA7003025                                                                                                                                                                                                11 W LAVENIA AVE         240105195540154123113023120600014  2300005                            000000000000000000000000000                       000000000000000000000000000                       000000000000000000000000000                       000000000000000000000000000                       000000000000000000000000000     23 2 00000000026 R240109   Y19780001596
1518999994232401   000000 000000 N07 00267500000267500000067500000085830000018330000000005659250ED7003026                                                                                                                                                                                                15 E NEW YORK AVE        240105195540163423111323120600013  1400005                            000000000000000000000000000                       000000000000000000000000000                       000000000000000000000000000                       000000000000000000000000000                       000000000000000000000000000     23 2 00000000007 R240109   Y20230000000
1518999994232401   000000 000000 N04 00000000100000000100056000000104390000048390000000000000000 E7003246                                                                                                                                                                                                8 E 15TH STREET          240112195570097523120423121100004  1300016                            000000000000000000000000000                       000000000000000000000000000                       000000000000000000000000000                       000000000000000000000000000                       000000000000000000000000000     23 2 00000000004  000000   Y20020002115
1518999994232401   000000 000000 N04 00000000100000000100072000000082960000010960000000000000000 E7003247                                                                                                                                                                                                18 E WELDON PLACE        240112195590080023112323121200010  0300009                            000000000000000000000000000                       000000000000000000000000000                       000000000000000000000000000                       000000000000000000000000000                       000000000000000000000000000     23 2 00000000004  000000   Y19550001728
1518999994232401   000000 000000 N25 00000000100000000100081500000132260000050760000000000000000 E7003249                                                                                                                                                                                                12 W RYERSON LANE        240112195590162723120223121300008  1000017                            000000000000000000000000000                       000000000000000000000000000                       000000000000000000000000000                       000000000000000000000000000                       000000000000000000000000000     23 2 00000000025  000000   Y19800002808
1518999994232401   000000 000000 N04 00000000000000000000360000000576630000216630000000000000000 E7003250                                                                                                                                                                                                129D LONG BEACH BLVD     240112195590164023110223121300020 12500004                            000000000000000000000000000                       000000000000000000000000000                       000000000000000000000000000                       000000000000000000000000000                       000000000000000000000000000     23 2 00000000004  000000   Y19990005758
1518999994232401   000000 000000 N01 00000000100000000100092000000124480000032480000000000000000 E7003251                                                                                                                                                                                                2 LOUISIANA COURT        240112195600060123112923121300011  0400007                            000000000000000000000000000                       000000000000000000000000000                       000000000000000000000000000                       000000000000000000000000000                       000000000000000000000000000     23 2 00000000001  000000   Y19940001723
1518999994232401   000000 000000 N10 00082000000082000000045120000057850000012730000000000751700E 7003609                                                                                                                                                                                                5704 LONG BEACH BLVD     240119195510081723092623120100015  5400008                            000000000000000000000000000                       000000000000000000000000000                       000000000000000000000000000                       000000000000000000000000000                       000000000000000000000000000     23 2 00000000010 R240123   Y19680001250
1518999994232401   000000 000000 N01 00000000100000000100050850000102490000051640000000000000000 E7003610                                                                                                                                                                                                107 W 16TH STREET        240119195600180223120423121400004  2200008                            000000000000000000000000000                       000000000000000000000000000                       000000000000000000000000000                       000000000000000000000000000                       000000000000000000000000000     23 2 00000000001  000000   Y20010002410
1518999994232401   000000 000000 N10 00118500000118500000055250000066570000011320000000002366350E 7003613                                                                                                                                                                                                15 E 25TH STREET         240119195620012623121123121500005  2300005                            000000000000000000000000000                       000000000000000000000000000                       000000000000000000000000000                       000000000000000000000000000                       000000000000000000000000000     23 2 00000000010 R240123   Y19590001335
1518999994232401   000000 000000 N01 00000000100000000100164500000186460000021960000000000000000 E7003614                                                                                                                                                                                                103 E NEVADA AVE         240119195620154723121123121800010  1100002                            000000000000000000000000000                       000000000000000000000000000                       000000000000000000000000000                       000000000000000000000000000                       000000000000000000000000000     23 2 00000000001  000000   Y19620002196
1518999994232401   000000 000000 N01 00000000100000000100073500000094900000021400000000000000000 E7003615                                                                                                                                                                                                5801 BARNEGAT AVE        240119195620159923111723121800015  4800019                            000000000000000000000000000                       000000000000000000000000000                       000000000000000000000000000                       000000000000000000000000000                       000000000000000000000000000     23 2 00000000001  000000   Y19480002374
1518999994232401   000000 000000 N01 00000000100000000100169580000183080000013500000000000000000 E7003616                                                                                                                                                                                                3207 OCEAN BLVD          240119195630110923121223121800015 14600001                            000000000000000000000000000                       000000000000000000000000000                       000000000000000000000000000                       000000000000000000000000000                       000000000000000000000000000     23 2 00000000001  000000   Y19480001584
1518999994232401   000000 000000 N01 00000000100000000100120930000131050000010120000000000000000 E7003617                                                                                                                                                                                                114 E BAY BERRY DRIVE    240119195640000723121323121900012  0900009                            000000000000000000000000000                       000000000000000000000000000                       000000000000000000000000000                       000000000000000000000000000                       000000000000000000000000000     23 2 00000000001  000000   Y19650001584
1518999994232401   000000 000000 N04 00000001000000001000072500000099250000026750000000000000000 E7003618                                                                                                                                                                                                36 ALMA ROAD             240119195650078723110823122000023  0800027                            000000000000000000000000000                       000000000000000000000000000                       000000000000000000000000000                       000000000000000000000000000                       000000000000000000000000000     23 2 00000000004  000000   Y19670002652
1518999994232401   000000 000000 N01 00000000100000000100132500000147450000014950000000000000000 E7003619                                                                                                                                                                                                2903 S LONG BEACH BLVD   240119195650100623121123122000001  7800006                            000000000000000000000000000                       000000000000000000000000000                       000000000000000000000000000                       000000000000000000000000000                       000000000000000000000000000     23 2 00000000001  000000   Y19680000000
1518999994232401   000000 000000 N04 00000000100000000100094410000099780000005370000000000000000 E7003620                                                                                                                                                                                                111 E CONNECTICUT AVE    240119195660093923121423122100013  1800004                            000000000000000000000000000                       000000000000000000000000000                       000000000000000000000000000                       000000000000000000000000000                       000000000000000000000000000     23 2 00000000004  000000   Y19700002176
1518999994232401   000000 000000 N04 00000000100000000100201880000248470000046590000000000000000 E7003621                                                                                                                                                                                                116 E NEW YORK AVE       240119195670062523112823122200013  1200007                            000000000000000000000000000                       000000000000000000000000000                       000000000000000000000000000                       000000000000000000000000000                       000000000000000000000000000     23 2 00000000004  000000   Y19700002172
1518999994232401   000000 000000 N04 00000000100000000100042000000091980000049980000000000000000 E7003622                                                                                                                                                                                                1 E NEBRASKA AVE U-A     240119195670129423121423122200011  0500001                            000000000000000000000000000                       000000000000000000000000000                       000000000000000000000000000                       000000000000000000000000000                       000000000000000000000000000C000123 2 00000000004  000000 Y Y20040002120
1518999994232401   000000 000000 N07 00163750000163750000042000000088300000046300000000003366375E 7003625                                                                                                                                                                                                2905 LONG BEACH BLVD     240119195680075223110423122600006  1600017                            000000000000000000000000000                       000000000000000000000000000                       000000000000000000000000000                       000000000000000000000000000                       000000000000000000000000000     23 2 00000000026 R240123   Y20130002108
1518999994232401   000000 000000 N01 00000000100000000100065250000101260000036010000000000000000 E7003901                                                                                                                                                                                                26 E 52ND STREET         240119195690068323101823122700015  7400009                            000000000000000000000000000                       000000000000000000000000000                       000000000000000000000000000                       000000000000000000000000000                       000000000000000000000000000     23 2 00000000001  000000   Y19850001920
1518999994232401   000000 000000 N01 00000000100000000100082500000149280000066780000000000000000 E7003902                                                                                                                                                                                                125 E MARINE LANE        240119195690102323110923122700008  1200008                            000000000000000000000000000                       000000000000000000000000000                       000000000000000000000000000                       000000000000000000000000000                       000000000000000000000000000     23 2 00000000001  000000   Y20070002324
1518999994232401   000000 000000 N04 00000000100000000100090000000160380000070380000000000000000 E7003903                                                                                                                                                                                                233 OCEANA DRIVE         240119195690112223122223122700020  9000013                            000000000000000000000000000                       000000000000000000000000000                       000000000000000000000000000                       000000000000000000000000000                       000000000000000000000000000     23 2 00000000004  000000   Y20010002709
1518999994232401   000000 000000 N04 00000000100000000100088000000148570000060570000000000000000 E7003904                                                                                                                                                                                                150F LONG BEACH BLVD     240119195690130323121423122700020 14500006                            000000000000000000000000000                       000000000000000000000000000                       000000000000000000000000000                       000000000000000000000000000                       000000000000000000000000000     23 2 00000000004  000000   Y19920003408
1518999994232401   000000 000000 N25 00000000100000000100053500000074740000021240000000000000000 E7003905                                                                                                                                                                                                10 W COHASSET ROAD       240119195700056423121523122800001  9700008                            000000000000000000000000000                       000000000000000000000000000                       000000000000000000000000000                       000000000000000000000000000                       000000000000000000000000000     23 2 00000000025  000000   Y19810001359
1518999994232401   000000 000000 N04 00000000100000000100058500000108490000049990000000000000000 E7003906                                                                                                                                                                                                5 E OHIO AVE             240119195710039723122723122800008  0400002                            000000000000000000000000000                       000000000000000000000000000                       000000000000000000000000000                       000000000000000000000000000                       000000000000000000000000000     23 2 00000000004  000000   Y20080002097
1518999994232401   000000 000000 N07 00151000000151000000052650000087900000035250000000002324300EA7004214                                                                                                                                                                                                21 W 87TH STREET         240126195720014623113023122900013  0400004                            000000000000000000000000000                       000000000000000000000000000                       000000000000000000000000000                       000000000000000000000000000                       000000000000000000000000000     23 2 00000000026 R240202   Y19960001812
1518999994232401   000000 000000 N04 00000001000000001000085050000097420000012370000000000000000 E7004215                                                                                                                                                                                                201 E SOUTH 33RD STREET  240126195720066923062323122900006  4300001  01                        000000000000000000000000000                       000000000000000000000000000                       000000000000000000000000000                       000000000000000000000000000                       000000000000000000000000000     23 2 00000000004  000000   Y19590001350
1518999994232401   000000 000000 N01 00000000100000000100108350000126580000018230000000000000000 E7004216                                                                                                                                                                                                2111 ATLANTIC AVE        240126195730071223092824010200005  0700002                            000000000000000000000000000                       000000000000000000000000000                       000000000000000000000000000                       000000000000000000000000000                       000000000000000000000000000     23 2 00000000001  000000   Y19210000000
1518999994232401   000000 000000 N04 00000000100000000100060100000100990000040890000000000000000 E7004217                                                                                                                                                                                                104 W CULVER AVE         240126195740149323112824010300014  1500001  08                        000000000000000000000000000                       000000000000000000000000000                       000000000000000000000000000                       000000000000000000000000000                       000000000000000000000000000     23 2 00000000004  000000   Y19890001813
1518999994232401   000000 000000 N04 00000000100000000100091600000115850000024250000000000000000 E7004218                                                                                                                                                                                                137 E RYERSON LANE       240126195740172823121224010400008  1500011                            000000000000000000000000000                       000000000000000000000000000                       000000000000000000000000000                       000000000000000000000000000                       000000000000000000000000000     23 2 00000000004  000000   Y19850001960
1518999994232401   000000 000000 N01 00000000100000000100071250000123170000051920000000000000000 E7004219                                                                                                                                                                                                5 E KIRKLAND AVE         240126195750009423112124010400015  6800002                            000000000000000000000000000                       000000000000000000000000000                       000000000000000000000000000                       000000000000000000000000000                       000000000000000000000000000     23 2 00000000001  000000   Y20000002297
1518999994232402   000000 000000 N25 00000000100000000100099900000155470000055570000000000000000 E7004618                                                                                                                                                                                                8806 BAY LANE            240202195760007323120424010500012  2500002                            000000000000000000000000000                       000000000000000000000000000                       000000000000000000000000000                       000000000000000000000000000                       000000000000000000000000000     23 2 00000000025  000000   Y20150002032
1518999994232402   000000 000000 N04 00000000100000000100071250000123170000051920000000000000000 E7004711                                                                                                                                                                                                5 E KIRKLAND AVE         240202195770086324010524010800015  6800002                            000000000000000000000000000                       000000000000000000000000000                       000000000000000000000000000                       000000000000000000000000000                       000000000000000000000000000     24 2 00000000004  000000   Y20000002297
1518999994232402   000000 000000 N04 00000000100000000100071250000123170000051920000000000000000 E7004712                                                                                                                                                                                                5 E KIRKLAND AVE         240202195770088424010524010800015  6800002                            000000000000000000000000000                       000000000000000000000000000                       000000000000000000000000000                       000000000000000000000000000                       000000000000000000000000000     24 2 00000000004  000000   Y20000002297
1518999994232402   000000 000000 N04 00000001000000001000054000000068210000014210000000000000000 E7004713                                                                                                                                                                                                2904 BEACH AVE           240202195780013123121924010900006  1600008                            000000000000000000000000000                       000000000000000000000000000                       000000000000000000000000000                       000000000000000000000000000                       000000000000000000000000000     23 2 00000000004  000000   Y19550001287
1518999994232402   000000 000000 N25 00000000100000000100106000000118240000012240000000000000000 E7004715                                                                                                                                                                                                5303 S LONG BEACH BLVD   240202195780061824010424010900001  1400008                            000000000000000000000000000                       000000000000000000000000000                       000000000000000000000000000                       000000000000000000000000000                       000000000000000000000000000     24 2 00000000025  000000   Y19750001104
1518999994232402   000000 000000 N25 00000000100000000100033750000046900000013150000000000000000 E7004716                                                                                                                                                                                                6 E 35TH STREET U-A      240202195780078623121324010900015 13300016                            000000000000000000000000000                       000000000000000000000000000                       000000000000000000000000000                       000000000000000000000000000                       000000000000000000000000000C000123 2 00000000025  000000 Y Y19680001008
1518999994232402   000000 000000 N01 00000000100000000100042000000054040000012040000000000000000 E7004718                                                                                                                                                                                                4 W SUMNER AVE           240202195810176624010524011200015  6700008                            000000000000000000000000000                       000000000000000000000000000                       000000000000000000000000000                       000000000000000000000000000                       000000000000000000000000000     24 2 00000000001  000000   Y19600001344
1518999994232402   000000 000000 N04 00000000000000000000161500000194260000032760000000000000000 E7004792                                                                                                                                                                                                6607 OCEAN BLVD          240209195830181623122224011700015  2400001  01                        000000000000000000000000000                       000000000000000000000000000                       000000000000000000000000000                       000000000000000000000000000                       000000000000000000000000000     23 2 00000000004  000000   Y19820001800
1518999994232402   000000 000000 N04 00000000000000000000242250000265080000022830000000000000000 E7004793                                                                                                                                                                                                5713 OCEAN BLVD          240209195830182223122224011700015  5600001                            000000000000000000000000000                       000000000000000000000000000                       000000000000000000000000000                       000000000000000000000000000                       000000000000000000000000000     23 2 00000000004  000000   Y19690002842
1518999994232402   000000 000000 N04 00000000100000000100103850000129070000025220000000000000000 E7004794                                                                                                                                                                                                121 W KIRKLAND AVE       240209195830184723102524011700015  6600002                            000000000000000000000000000                       000000000000000000000000000                       000000000000000000000000000                       000000000000000000000000000                       000000000000000000000000000     23 2 00000000004  000000   Y19780002091
1518999994232402   000000 000000 N04 00000000100000000100103850000129070000025220000000000000000 E7004795                                                                                                                                                                                                121 W KIRKLAND AVE       240209195830185323102524011700015  6600002                            000000000000000000000000000                       000000000000000000000000000                       000000000000000000000000000                       000000000000000000000000000                       000000000000000000000000000     23 2 00000000004  000000   Y19780002091
1518999994232402   000000 000000 N04 00000000100000000100057380000134080000076700000000000000000 E7005091                                                                                                                                                                                                24 E SOUTH 31ST STREET   240216195850022524010924011800006  2200010                            000000000000000000000000000                       000000000000000000000000000                       000000000000000000000000000                       000000000000000000000000000                       000000000000000000000000000     24 2 00000000004  000000   Y20140002474
1518999994232402   000000 000000 N01 00000000100000000100052000000067000000015000000000000000000 E7005093                                                                                                                                                                                                9 E 22ND STREET          240216195860055524010924011900005  1000002                            000000000000000000000000000                       000000000000000000000000000                       000000000000000000000000000                       000000000000000000000000000                       000000000000000000000000000     24 2 00000000001  000000   Y19680001680
1518999994232402   000000 000000 N04 00000001000000001000019890000031550000011660000000000000000 E7005095                                                                                                                                                                                                27 E 25TH STREET C2      240216195870061624011724012200005  2300008                            000000000000000000000000000                       000000000000000000000000000                       000000000000000000000000000                       000000000000000000000000000                       000000000000000000000000000C000224 2 00000000004  000000 Y Y19600000518
1518999994232402   000000 000000 N10 00000000100000000100042000000078100000036100000000000000000 E7005096                                                                                                                                                                                                10313 LONG BEACH BLVD    240216195870085123122024012200011  1100019                            000000000000000000000000000                       000000000000000000000000000                       000000000000000000000000000                       000000000000000000000000000                       000000000000000000000000000     23 2 00000000010  000000   Y19860001902
1518999994232402   000000 000000 N04 00000000100000000100207500000335910000128410000000000000000 E7005100                                                                                                                                                                                                8B LONG BEACH BLVD       240216195880025723123024012300020  0800001  02                        000000000000000000000000000                       000000000000000000000000000                       000000000000000000000000000                       000000000000000000000000000                       000000000000000000000000000     23 2 00000000004  000000   Y20000003720
1518999994232402   000000 000000 N07 00220000000220000000081500000106860000025360000000004609500E 7005102                                                                                                                                                                                                14 W DUNE LANE           240216195880197724010324012300008  0600010                            000000000000000000000000000                       000000000000000000000000000                       000000000000000000000000000                       000000000000000000000000000                       000000000000000000000000000     24 2 00000000026 R240221   Y19710001952
1518999994232402   000000 000000 N04 00000000100000000100063500000142400000078900000000000000000 E7005621                                                                                                                                                                                                13 W MEARS AVE           240301195910168024012524012600015  7300004  03                        000000000000000000000000000                       000000000000000000000000000                       000000000000000000000000000                       000000000000000000000000000                       000000000000000000000000000     24 2 00000000004  000000   Y20120002506
1518999994232402   000000 000000 N10 00050000000050000000063000000083050000020050000000000194900E 7005622                                                                                                                                                                                                1704 BEACH AVE           240301195940126023113024013100004  3000010                            000000000000000000000000000                       000000000000000000000000000                       000000000000000000000000000                       000000000000000000000000000                       000000000000000000000000000     23 2 00000000010 R240305   Y19460001140
1518999994232402   000000 000000 N25 00000000100000000100060000000126630000066630000000000000000 E7005628                                                                                                                                                                                                15 W MARSHALL AVE        240301195990054324012624020600001  8600002                            000000000000000000000000000                       000000000000000000000000000                       000000000000000000000000000                       000000000000000000000000000                       000000000000000000000000000     24 2 00000000025  000000   Y20110002604
1518999994232402   000000 000000 N14 00000000100000000100150000000183590000033590000000000000000 E7005629                                                                                                                                                                                                224 E 15TH STREET        240301195990064523121524020600004  1500006  01                        000000000000000000000000000                       000000000000000000000000000                       000000000000000000000000000                       000000000000000000000000000                       000000000000000000000000000     23 2 00000000014  000000   Y19780001280
1518999994232402   000000 000000 N14 00000000100000000100030000000035590000005590000000000000000 E7005984                                                                                                                                                                                                9 W MARSHALL AVE U-B     240301196030053124020524020900001  8600016                            000000000000000000000000000                       000000000000000000000000000                       000000000000000000000000000                       000000000000000000000000000                       000000000000000000000000000C000224 2 00000000014  000000 Y Y19700000780
1518999994232403   000000 000000 N04 00000000000000000000270000000315670000045670000000000000000 E7006071                                                                                                                                                                                                26A LONG BEACH BLVD      240308196010147723122824020800020  2600001  02                        000000000000000000000000000                       000000000000000000000000000                       000000000000000000000000000                       000000000000000000000000000                       000000000000000000000000000     23 2 00000000004  000000   Y19870002003
1518999994232403   000000 000000 N04 00000000100000000100090000000090810000000810000000000000000 E7006072                                                                                                                                                                                                37B LONG BEACH BLVD      240308196020043823082324020800020  3700001  02                        000000000000000000000000000                       000000000000000000000000000                       000000000000000000000000000                       000000000000000000000000000                       000000000000000000000000000     23 2 00000000004  000000   Y00000000000
1518999994232403   000000 000000 N04 00000000100000000100070630000117570000046940000000000000000 E7006073                                                                                                                                                                                                120 W NEW JERSEY AVE     240308196020044523120724020800007  1400020                            000000000000000000000000000                       000000000000000000000000000                       000000000000000000000000000                       000000000000000000000000000                       000000000000000000000000000     23 2 00000000004  000000   Y19980001977
1518999994232403   000000 000000 N08 00057000000057000000049350000066490000017140000000000486700E 7006230                                                                                                                                                                                                3 HODGSON LANE           240308196040029924020224021200015 11500003                            000000000000000000000000000                       000000000000000000000000000                       000000000000000000000000000                       000000000000000000000000000                       000000000000000000000000000     24 2 00000000008 R240312   Y19700001808
1518999994232403   000000 000000 N04 00000000100000000100083250000158070000074820000000000000000 E7006231                                                                                                                                                                                                26 E 33RD STREET         240308196040059024012224021200015 14100009                            000000000000000000000000000                       000000000000000000000000000                       000000000000000000000000000                       000000000000000000000000000                       000000000000000000000000000     24 2 00000000004  000000   Y20040002670
1518999994232403   000000 000000 N01 00000000100000000100052800000171170000118370000000000000000 E7006233                                                                                                                                                                                                11408 LONG BEACH BLVD    240308196070003424020624021500010  2400001                            000000000000000000000000000                       000000000000000000000000000                       000000000000000000000000000                       000000000000000000000000000                       000000000000000000000000000     24 2 00000000001  000000   Y20190003481
1518999994232403   000000 000000 N01 00000001000000001000049730000093900000044170000000000000000 E7006234                                                                                                                                                                                                118 W DELAWARE AVE       240308196070074924020924021500006  4400006                            000000000000000000000000000                       000000000000000000000000000                       000000000000000000000000000                       000000000000000000000000000                       000000000000000000000000000     24 2 00000000001  000000   Y20150001890
1518999994232403   000000 000000 N10 00122500000122500000060750000076600000015850000000002454750E 7006235                                                                                                                                                                                                21 E 49TH STREET         240308196070075624020724021500015  9000016                            000000000000000000000000000                       000000000000000000000000000                       000000000000000000000000000                       000000000000000000000000000                       000000000000000000000000000     24 2 00000000010 R240312   Y19540001800
1518999994232403   000000 000000 N14 00000000100000000100047250000062050000014800000000000000000 E7006236                                                                                                                                                                                                11 W PAULDING AVE        240308196070178324021524021500015  3800002                            000000000000000000000000000                       000000000000000000000000000                       000000000000000000000000000                       000000000000000000000000000                       000000000000000000000000000     24 2 00000000014  000000   Y19660001728
1518999994232403   000000 000000 N10 00170000000170000000125000000152010000027010000000003504500E 7006237                                                                                                                                                                                                1129B LONG BEACH BLVD    240308196090007224020924021600018 12900002                            000000000000000000000000000                       000000000000000000000000000                       000000000000000000000000000                       000000000000000000000000000                       000000000000000000000000000     24 2 00000000010 R240312   Y19800001378
1518999994232403   000000 000000 N04 00000000100000000100073000000111390000038390000000000000000 E7006238                                                                                                                                                                                                130C LONG BEACH BLVD     240308196120031924021924022200020 12600001  03                        000000000000000000000000000                       000000000000000000000000000                       000000000000000000000000000                       000000000000000000000000000                       000000000000000000000000000     24 2 00000000004  000000   Y19880002236
1518999994232403   000000 000000 N04 00000000100000000100270000000337830000067830000000000000000 E7006239                                                                                                                                                                                                1129C LONG BEACH BLVD    240308196120129024021624022200018 12900001                            000000000000000000000000000                       000000000000000000000000000                       000000000000000000000000000                       000000000000000000000000000                       000000000000000000000000000     24 2 00000000004  000000   Y19800002644
1518999994232403   000000 000000 N01 00000000100000000100072500000084870000012370000000000000000 E7006703                                                                                                                                                                                                16 ALMA ROAD             240315196130178024022124022300023  0800012                            000000000000000000000000000                       000000000000000000000000000                       000000000000000000000000000                       000000000000000000000000000                       000000000000000000000000000     24 2 00000000001  000000   Y19620001584
1518999994232403   000000 000000 N10 00000000100000000100057400000089780000032380000000000000000 E7006704                                                                                                                                                                                                5 W MARYLAND AVE         240315196140081524022124022600007  0900012  01                        000000000000000000000000000                       000000000000000000000000000                       000000000000000000000000000                       000000000000000000000000000                       000000000000000000000000000     24 2 00000000010  000000   Y19860002088
1518999994232403   000000 000000 N04 00000000100000000100045200000085480000040280000000000000000 E7006705                                                                                                                                                                                                13 W 20TH STREET         240315196140106924021924022600004  4600004                            000000000000000000000000000                       000000000000000000000000000                       000000000000000000000000000                       000000000000000000000000000                       000000000000000000000000000     24 2 00000000004  000000   Y19960001742
1518999994232403   000000 000000 N10 00000000100000000100075000000091110000016110000000000000000 E7006706                                                                                                                                                                                                8 E VIRGINIA AVE         240315196150104524013024022700010  3700012                            000000000000000000000000000                       000000000000000000000000000                       000000000000000000000000000                       000000000000000000000000000                       000000000000000000000000000     24 2 00000000010  000000   Y19800001144
1518999994232403   000000 000000 N04 00000000100000000100075000000135660000060660000000000000000 E7006707                                                                                                                                                                                                9 E 44TH STREET          240315196150199124020824022700015 10600004  01                        000000000000000000000000000                       000000000000000000000000000                       000000000000000000000000000                       000000000000000000000000000                       000000000000000000000000000     24 2 00000000004  000000   Y20030002378
1518999994232403   000000 000000 N25 00000000100000000100161500000247930000086430000000000000000 E7006709                                                                                                                                                                                                1076H LONG BEACH BLVD    240315196160177924022224022800018  7600003                            000000000000000000000000000                       000000000000000000000000000                       000000000000000000000000000                       000000000000000000000000000                       000000000000000000000000000     24 2 00000000025  000000   Y19980002841
1518999994232403   000000 000000 N04 00000000100000000100044630000100070000055440000000000000000 E7007157                                                                                                                                                                                                2 E HOBART AVENUE        240329196180067324022124022900014  1300022  02                        000000000000000000000000000                       000000000000000000000000000                       000000000000000000000000000                       000000000000000000000000000                       000000000000000000000000000     24 2 00000000004  000000   Y20160002210
1518999994232403   000000 000000 N01 00020000000020000000094500000110680000016180000000000093500E 7007160                                                                                                                                                                                                359 DUSTY MILLER DRIVE   240329196200045124021724030400020 17700017                            000000000000000000000000000                       000000000000000000000000000                       000000000000000000000000000                       000000000000000000000000000                       000000000000000000000000000     24 2 00000000001 R240402   Y19710001503
1518999994232403   000000 000000 N10 00000000100000000100077780000096480000018700000000000000000 E7007162                                                                                                                                                                                                21 E MEARS AVE           240329196200167123113024030400015  7400005                            000000000000000000000000000                       000000000000000000000000000                       000000000000000000000000000                       000000000000000000000000000                       000000000000000000000000000     23 2 00000000010  000000   Y19840001248
1518999994232403   000000 000000 N01 00000000100000000100103200000116340000013140000000000000000 E7007163                                                                                                                                                                                                124 E CAPE COD LANE      240329196210100624022824030400012  1200011                            000000000000000000000000000                       000000000000000000000000000                       000000000000000000000000000                       000000000000000000000000000                       000000000000000000000000000     24 2 00000000001  000000   Y19740001632
1518999994232403   000000 000000 N04 00000000100000000100085500000102760000017260000000000000000 E7007164                                                                                                                                                                                                4200 OCEAN BLVD          240329196230077324022724030600015 10900009                            000000000000000000000000000                       000000000000000000000000000                       000000000000000000000000000                       000000000000000000000000000                       000000000000000000000000000     24 2 00000000004  000000   Y19240002120
1518999994232403   000000 000000 N14 00000000100000000100045510000051510000006000000000000000000 E7007165                                                                                                                                                                                                6 W DELAWARE AVE         240329196240016224021424030600006  4500012                            000000000000000000000000000                       000000000000000000000000000                       000000000000000000000000000                       000000000000000000000000000                       000000000000000000000000000     24 2 00000000014  000000   Y19440000792
1518999994232403   000000 000000 N14 00000000100000000100045510000051510000006000000000000000000 E7007166                                                                                                                                                                                                6 W DELAWARE AVE         240329196240017124021424030600006  4500012                            000000000000000000000000000                       000000000000000000000000000                       000000000000000000000000000                       000000000000000000000000000                       000000000000000000000000000     24 2 00000000014  000000   Y19440000792
1518999994232403   000000 000000 N14 00000000100000000100090000000114840000024840000000000000000 E7007167                                                                                                                                                                                                325 CRANBERRY DRIVE      240329196240166624020124030700020 17600003                            000000000000000000000000000                       000000000000000000000000000                       000000000000000000000000000                       000000000000000000000000000                       000000000000000000000000000     24 2 00000000014  000000   Y19810001472
1518999994232403   000000 000000 N01 00000000100000000100066000000080530000014530000000000000000 E7007229                                                                                                                                                                                                5 E SAIL BOAT DRIVE      240329196250075624022824030800012  2300003                            000000000000000000000000000                       000000000000000000000000000                       000000000000000000000000000                       000000000000000000000000000                       000000000000000000000000000     24 2 00000000001  000000   Y19560001388
1518999994232403   000000 000000 N10 00099999900099999900046800000060760000013960000000000957500E 7007366                                                                                                                                                                                                9 W BAY BERRY DRIVE      240329196270131024022824031200012  1000019                            000000000000000000000000000                       000000000000000000000000000                       000000000000000000000000000                       000000000000000000000000000                       000000000000000000000000000     24 2 00000000010 R240402   Y19700001488
1518999994232404   000000 000000 N01 00000000100000000100058000000145150000087150000000000000000 E7007435                                                                                                                                                                                                145 ARNOLD BLVD          240405196280049224021624031200023  1100035                            000000000000000000000000000                       000000000000000000000000000                       000000000000000000000000000                       000000000000000000000000000                       000000000000000000000000000     24 2 00000000001  000000   Y20230002502
1518999994232404   000000 000000 N07 00131500000131500000063000000073170000010170000000002653650E 7007436                                                                                                                                                                                                1910 BEACH AVE           240405196280091724030624031200004  4200012                            000000000000000000000000000                       000000000000000000000000000                       000000000000000000000000000                       000000000000000000000000000                       000000000000000000000000000     24 2 00000000026 R240409   Y19490001222
1518999994232404   000000 000000 N01 00000000100000000100046800000058360000011560000000000000000 E7007438                                                                                                                                                                                                24 W ALABAMA AVE         240405196280199224020724031300011  2300036                            000000000000000000000000000                       000000000000000000000000000                       000000000000000000000000000                       000000000000000000000000000                       000000000000000000000000000     24 2 00000000001  000000   Y19600001222
1518999994232404   000000 000000 N01 00000000100000000100080000000147210000067210000000000000000 E7007506                                                                                                                                                                                                14 BEACON DRIVE          240405196290180624020224031400020 14600003                            000000000000000000000000000                       000000000000000000000000000                       000000000000000000000000000                       000000000000000000000000000                       000000000000000000000000000     24 2 00000000001  000000   Y19680003491
1518999994232404   000000 000000 N14 00000000100000000100085730000107270000021540000000000000000 E7007508                                                                                                                                                                                                5 E 42ND STREET          240405196300099924022624031400015 11300002                            000000000000000000000000000                       000000000000000000000000000                       000000000000000000000000000                       000000000000000000000000000                       000000000000000000000000000     24 2 00000000014  000000   Y19460002193
1518999994232404   000000 000000 N07 00166000000166000000076950000091610000014660000000003416100E 7007510                                                                                                                                                                                                1801 BEACH AVE           240405196320066124030124031500004  3700001                            000000000000000000000000000                       000000000000000000000000000                       000000000000000000000000000                       000000000000000000000000000                       000000000000000000000000000     24 2 00000000026 R240409   Y19700001783
1518999994232404   000000 000000 N01 00000000100000000100094500000110680000016180000000000000000 E7007629                                                                                                                                                                                                359 DUSTY MILLER DRIVE   240405196320136724031124031800020 17700017                            000000000000000000000000000                       000000000000000000000000000                       000000000000000000000000000                       000000000000000000000000000                       000000000000000000000000000     24 2 00000000001  000000   Y19710001503
1518999994232404   000000 000000 N07 00375000000375000000182200000222880000040680000000006087500EA7007678                                                                                                                                                                                                75 BAYVIEW AVE           240412196320172624031324031800020  6200018                            000000000000000000000000000                       000000000000000000000000000                       000000000000000000000000000                       000000000000000000000000000                       000000000000000000000000000     24 2 00000000026 R240417   Y19660002219
1518999994232404   000000 000000 N01 00000000100000000100056710000081240000024530000000000000000 E7007733                                                                                                                                                                                                7 W TEBCO TERRACE        240412196350000124013024032000001  4800014                            000000000000000000000000000                       000000000000000000000000000                       000000000000000000000000000                       000000000000000000000000000                       000000000000000000000000000     24 2 00000000001  000000   Y20160001257
1518999994232404   000000 000000 N07 00178500000178500000071500000092700000021200000000002786300EA7008075                                                                                                                                                                                                12114 BEACH AVE          240419196370028324031124032100008  2400003                            000000000000000000000000000                       000000000000000000000000000                       000000000000000000000000000                       000000000000000000000000000                       000000000000000000000000000     24 2 00000000026 R240423   Y19650001948
1518999994232404   000000 000000 N01 00000000100000000100120950000284620000163670000000000000000 E7008079                                                                                                                                                                                                1912 BAY TERRACE         240419196400105724032024032600004  3900003  03                        000000000000000000000000000                       000000000000000000000000000                       000000000000000000000000000                       000000000000000000000000000                       000000000000000000000000000     24 2 00000000001  000000   Y19880004169
1518999994232404   000000 000000 N25 00000000100000000100153600000493460000339860000000000000000 E7008082                                                                                                                                                                                                113 ROXIE AVE            240419196410160224022624032700018  5600007                            000000000000000000000000000                       000000000000000000000000000                       000000000000000000000000000                       000000000000000000000000000                       000000000000000000000000000     24 2 00000000025  000000   Y20160007325
1518999994232404   000000 000000 N26 00149900000149900000056500000082450000025950000000003060290E 7008083                                                                                                                                                                                                2001 WAVERLY AVE         240419196410165024031324032700004  4600001                            000000000000000000000000000                       000000000000000000000000000                       000000000000000000000000000                       000000000000000000000000000                       000000000000000000000000000     24 2 00000000026 R240423   Y19650001732
1518999994232404   000000 000000 N14 00000000100000000100129200000168710000039510000000000000000 E7008358                                                                                                                                                                                                207 E 26TH STREET        240419196430177024022224040100005  2900004                            000000000000000000000000000                       000000000000000000000000000                       000000000000000000000000000                       000000000000000000000000000                       000000000000000000000000000     24 2 00000000014  000000   Y19910001909
1518999994232404   000000 000000 N01 00000000100000000100072500000160560000088060000000000000000 E7008359                                                                                                                                                                                                53 BUTLER ROAD           240419196430182324031124040100023  1100022                            000000000000000000000000000                       000000000000000000000000000                       000000000000000000000000000                       000000000000000000000000000                       000000000000000000000000000     24 2 00000000001  000000   Y20140003088
1518999994232404   000000 000000 N10 00122300000122300000060000000073100000013100000000002450330E 7008361                                                                                                                                                                                                106 E 23RD STREET        240419196460017824031424040200005  1100014                            000000000000000000000000000                       000000000000000000000000000                       000000000000000000000000000                       000000000000000000000000000                       000000000000000000000000000     24 2 00000000026 R240423   Y19240001603
1518999994232404   000000 000000 N14 00000000100000000100052700000105900000053200000000000000000 E7008363                                                                                                                                                                                                12 W INLET RD            240419196460074523041424040200001  3400022                            000000000000000000000000000                       000000000000000000000000000                       000000000000000000000000000                       000000000000000000000000000                       000000000000000000000000000     23 2 00000000014  000000   Y20040002094
1518999994232404   000000 000000 N04 00000000100000000100043880000107620000063740000000000000000 E7008364                                                                                                                                                                                                24 W WINIFRED AVE        240419196460108923071924040200014  0200013                            000000000000000000000000000                       000000000000000000000000000                       000000000000000000000000000                       000000000000000000000000000                       000000000000000000000000000     23 2 00000000004  000000   Y20210002356
1518999994232404   000000 000000 N04 00000000000000000000028890000040680000011790000000000000000 E7008798                                                                                                                                                                                                13 W JOAN RD 1ST FLOOR   240426196490113724032624040500001  2800027                            000000000000000000000000000                       000000000000000000000000000                       000000000000000000000000000                       000000000000000000000000000                       000000000000000000000000000C000124 2 00000000004  000000 Y Y19700000914
1518999994232404   000000 000000 N07 00252500000252500000104640000157920000053280000000005327750E 7008802                                                                                                                                                                                                113 W HOBART AVE         240426196530029024032724041000014  1500001  13                        000000000000000000000000000                       000000000000000000000000000                       000000000000000000000000000                       000000000000000000000000000                       000000000000000000000000000     24 2 00000000026 R240430   Y19980002316
1518999994232405   000000 000000 N01 00000000100000000100033000000048280000015280000000000000000 E7009060                                                                                                                                                                                                3601 LONG BEACH BLVD U-9 240503196540137424030124041100015 13000001                            000000000000000000000000000                       000000000000000000000000000                       000000000000000000000000000                       000000000000000000000000000                       000000000000000000000000000C000924 2 00000000001  000000 Y Y19820000800
1518999994232405   000000 000000 N04 00000000100000000100142400000319840000177440000000000000000 E7009061                                                                                                                                                                                                7 SANDY COVE LANE        240503196560137624021224041200020 12000007                            000000000000000000000000000                       000000000000000000000000000                       000000000000000000000000000                       000000000000000000000000000                       000000000000000000000000000     24 2 00000000004  000000   Y20170004724
1518999994232405   000000 000000 N05 00000000100000000100042000000053590000011590000000000000000 E7009062                                                                                                                                                                                                2 W KIRKLAND AVE         240503196560155822011524041500015  6300011                            000000000000000000000000000                       000000000000000000000000000                       000000000000000000000000000                       000000000000000000000000000                       000000000000000000000000000     22 2 00000000004  000000   Y20230002426
1518999994232405   000000 000000 N25 00000000100000000100047250000066840000019590000000000000000 E7009063                                                                                                                                                                                                3 W 51ST STREET          240503196580057224032924041600015  8000002                            000000000000000000000000000                       000000000000000000000000000                       000000000000000000000000000                       000000000000000000000000000                       000000000000000000000000000     24 2 00000000025  000000   Y19820001616
1518999994232405   000000 000000 N01 00000000100000000100019690000035120000015430000000000000000 E7009130                                                                                                                                                                                                5811 LONG BEACH BLVD U-1 240503196610052024032824041800015  5000017                            000000000000000000000000000                       000000000000000000000000000                       000000000000000000000000000                       000000000000000000000000000                       000000000000000000000000000C000124 2 00000000001  000000 Y Y19500000676
1518999994232405   000000 000000 N04 00000001000000001000330000000499930000169930000000000000000 E7009430                                                                                                                                                                                                151E LONG BEACH BLVD     240510196630182324041724042300020 15100007                            000000000000000000000000000                       000000000000000000000000000                       000000000000000000000000000                       000000000000000000000000000                       000000000000000000000000000     24 2 00000000004  000000   Y20070004472
1518999994232405   000000 000000 N07 00315000000315000000103060000155740000052680000000006709000E 7009432                                                                                                                                                                                                9 W 51ST STREET          240510196640173424040424042300015  8000005                            000000000000000000000000000                       000000000000000000000000000                       000000000000000000000000000                       000000000000000000000000000                       000000000000000000000000000     24 2 00000000026 R240514   Y19860003048
1518999994232405   000000 000000 N10 00191000000191000000063500000094350000030850000000003968600E 7009576                                                                                                                                                                                                6415 BAYVIEW AVE         240510196660056124041924042500015  2900001                            000000000000000000000000000                       000000000000000000000000000                       000000000000000000000000000                       000000000000000000000000000                       000000000000000000000000000     24 2 00000000026 R240514   Y19770002156
1518999994232405   000000 000000 N07 00140000000140000000096430000104120000007690000000002841500E 7009577                                                                                                                                                                                                1805 ATLANTIC AVE        240510196660147024032824042500004  3800016                            000000000000000000000000000                       000000000000000000000000000                       000000000000000000000000000                       000000000000000000000000000                       000000000000000000000000000     24 2 00000000026 R240514   Y19500001124
1518999994232405   000000 000000 N10 00051666700051666700031750000044840000013090000000000433820E 7009579                                                                                                                                                                                                15 W GOODRICH AVE U-A    240510196670063724032024042600015  2500002                            000000000000000000000000000                       000000000000000000000000000                       000000000000000000000000000                       000000000000000000000000000                       000000000000000000000000000C000124 2 00000000010 R240514 Y Y19600001074
1518999994232405   000000 000000 N07 00230000000230000000080000000097200000017200000000004830500E 7009580                                                                                                                                                                                                35 LIGHTHOUSE WAY        240510196670090024040824042600020 14800009                            000000000000000000000000000                       000000000000000000000000000                       000000000000000000000000000                       000000000000000000000000000                       000000000000000000000000000     24 2 00000000026 R240514   Y19700001778
1518999994232405   000000 000000 N04 00000000100000000100072500000160560000088060000000000000000 E7009581                                                                                                                                                                                                53 BUTLER ROAD           240510196690060024041524043000023  1100022                            000000000000000000000000000                       000000000000000000000000000                       000000000000000000000000000                       000000000000000000000000000                       000000000000000000000000000     24 2 00000000004  000000   Y20140003088
1518999994232405   000000 000000 N04 00000000100000000100090750000122450000031700000000000000000 E7009896                                                                                                                                                                                                125 E MAC EVOY LANE      240517196700057824041824050100010  0400002                            000000000000000000000000000                       000000000000000000000000000                       000000000000000000000000000                       000000000000000000000000000                       000000000000000000000000000     24 2 00000000004  000000   Y19600001976
1518999994232405   000000 000000 N04 00000000100000000100072500000095500000023000000000000000000 E7009897                                                                                                                                                                                                18 MEADOW LANE           240517196700099124042524050100023  1200005                            000000000000000000000000000                       000000000000000000000000000                       000000000000000000000000000                       000000000000000000000000000                       000000000000000000000000000     24 2 00000000004  000000   Y19840002013
1518999994232405   000000 000000 N25 00000000100000000100061560000071020000009460000000000000000 E7009899                                                                                                                                                                                                101 E DELAWARE AVE       240517196710185024041524050200007  0500002                            000000000000000000000000000                       000000000000000000000000000                       000000000000000000000000000                       000000000000000000000000000                       000000000000000000000000000     24 2 00000000025  000000   Y19500001113
1518999994232405   000000 000000 N04 00000001000000001000103660000119610000015950000000000000000 E7009900                                                                                                                                                                                                201 E 16TH STREET        240517196720125624040124050300004  2600001  01                        000000000000000000000000000                       000000000000000000000000000                       000000000000000000000000000                       000000000000000000000000000                       000000000000000000000000000     24 2 00000000004  000000   Y19830001056
1518999994232405   000000 000000 N07 00199900000199900000070000000091480000021480000000004165290E 7009901                                                                                                                                                                                                24 E 21ST STREET         240517196730130424042524050600004  4700010                            000000000000000000000000000                       000000000000000000000000000                       000000000000000000000000000                       000000000000000000000000000                       000000000000000000000000000     24 2 00000000026 R240529   Y19550001477
1518999994232405   000000 000000 N25 00000000100000000100076950000149670000072720000000000000000 E7010238                                                                                                                                                                                                121 E 18TH STREET        240524196740113824050124050700004  3700007  01                        000000000000000000000000000                       000000000000000000000000000                       000000000000000000000000000                       000000000000000000000000000                       000000000000000000000000000     24 2 00000000025  000000   Y19840003082
1518999994232405   000000 000000 N10 00136400000136400000072500000087950000015450000000002761940E 7010240                                                                                                                                                                                                17 BUTLER ROAD           240524196750188324042324050800023  1100031                            000000000000000000000000000                       000000000000000000000000000                       000000000000000000000000000                       000000000000000000000000000                       000000000000000000000000000     24 2 00000000010 R240528   Y19710001648
1518999994232405   000000 000000 N01 00000000100000000100090720000101250000010530000000000000000 E7010241                                                                                                                                                                                                112 E NEW YORK AVE       240524196760099924042924050800013  1200009                            000000000000000000000000000                       000000000000000000000000000                       000000000000000000000000000                       000000000000000000000000000                       000000000000000000000000000     24 2 00000000001  000000   Y19600001568
1518999994232405   000000 000000 N04 00000000100000000100048150000072160000024010000000000000000 E7010242                                                                                                                                                                                                6 W JULIA AVE            240524196770156924050624050900001  4800021                            000000000000000000000000000                       000000000000000000000000000                       000000000000000000000000000                       000000000000000000000000000                       000000000000000000000000000     24 2 00000000004  000000   Y19850001530
1518999994232405   000000 000000 N01 00000000100000000100051380000062700000011320000000000000000 E7010243                                                                                                                                                                                                25 E MASSACHUSETTS AVE   240524196780178624050324051000014  0300006                            000000000000000000000000000                       000000000000000000000000000                       000000000000000000000000000                       000000000000000000000000000                       000000000000000000000000000     24 2 00000000001  000000   Y19650001078
1518999994232405   000000 000000 N04 00000000100000000100112670000240710000128040000000000000000 E7010244                                                                                                                                                                                                113 E LOUISIANA AVE      240524196780182724031924051000011  0900004                            000000000000000000000000000                       000000000000000000000000000                       000000000000000000000000000                       000000000000000000000000000                       000000000000000000000000000     24 2 00000000004  000000   Y20220004151
1518999994232405   000000 000000 N14 00000001000000001000090000000151920000061920000000000000000 E7010245                                                                                                                                                                                                241 OCEANA DRIVE         240524196790155824040324051000020  9200011                            000000000000000000000000000                       000000000000000000000000000                       000000000000000000000000000                       000000000000000000000000000                       000000000000000000000000000     24 2 00000000014  000000   Y19600002893
1518999994232405   000000 000000 N04 00000001000000001000085000000274880000189880000000000000000 E7010246                                                                                                                                                                                                30 PANORAMA S            240524196800009224042324051000020  5800014                            000000000000000000000000000                       000000000000000000000000000                       000000000000000000000000000                       000000000000000000000000000                       000000000000000000000000000     24 2 00000000004  000000   Y20200004249
1518999994232406   000000 000000 N07 00485000000485000000161500000282040000120540000000007935500EA7010849                                                                                                                                                                                                1010G LONG BEACH BLVD    240607196810012524042924051300018  1000007                            000000000000000000000000000                       000000000000000000000000000                       000000000000000000000000000                       000000000000000000000000000                       000000000000000000000000000     24 2 00000000026 R240611   Y20020004378
1518999994232406   000000 000000 N07 00135000000135000000063250000077190000013940000000002731000E 7010850                                                                                                                                                                                                14 BAY SHORE ROAD        240607196810125724042524051400018  2800011                            000000000000000000000000000                       000000000000000000000000000                       000000000000000000000000000                       000000000000000000000000000                       000000000000000000000000000     24 2 00000000026 R240611   Y19550001496
1518999994232406   000000 000000 N07 00249600000249600000058500000125680000067180000000005263660E 7010851                                                                                                                                                                                                128 W JEANETTE AVE       240607196810144424042224051400014  0700023                            000000000000000000000000000                       000000000000000000000000000                       000000000000000000000000000                       000000000000000000000000000                       000000000000000000000000000     24 2 00000000026 R240611   Y20140002762
1518999994232406   000000 000000 N07 00477500000477500000167600000344720000177120000000010300250E 7010874                                                                                                                                                                                                166E MARINA BLVD         240607196820063624050124051400020  7900005                            000000000000000000000000000                       000000000000000000000000000                       000000000000000000000000000                       000000000000000000000000000                       000000000000000000000000000     24 2 00000000026 R240611   Y20040004985
1518999994232406   000000 000000 N07 00110000000110000000046800000058820000012020000000002178500E 7010875                                                                                                                                                                                                20 W MERMAID LANE        240607196820070524042624051400012  2200016                            000000000000000000000000000                       000000000000000000000000000                       000000000000000000000000000                       000000000000000000000000000                       000000000000000000000000000     24 2 00000000026 R240611   Y19580001078
1518999994232406   000000 000000 N25 00000000100000000100090000000108070000018070000000000000000 E7010876                                                                                                                                                                                                2106 ATLANTIC AVE        240607196820165724042924051500005  0600009                            000000000000000000000000000                       000000000000000000000000000                       000000000000000000000000000                       000000000000000000000000000                       000000000000000000000000000     24 2 00000000025  000000   Y19580002168
1518999994232406   000000 000000 N04 00000000100000000100120930000131050000010120000000000000000 E7010877                                                                                                                                                                                                114 E BAY BERRY DRIVE    240607196820175124050124051500012  0900009                            000000000000000000000000000                       000000000000000000000000000                       000000000000000000000000000                       000000000000000000000000000                       000000000000000000000000000     24 2 00000000004  000000   Y19650001584
1518999994232406   000000 000000 N01 00000000100000000100099000000114180000015180000000000000000 E7010878                                                                                                                                                                                                106 E MISSISSIPPI AVE    240607196820193224043024051500010  1800012                            000000000000000000000000000                       000000000000000000000000000                       000000000000000000000000000                       000000000000000000000000000                       000000000000000000000000000     24 2 00000000001  000000   Y19600001594
1518999994232406   000000 000000 N04 00000000100000000100099000000114180000015180000000000000000 E7010879                                                                                                                                                                                                106 E MISSISSIPPI AVE    240607196820194124043024051500010  1800012                            000000000000000000000000000                       000000000000000000000000000                       000000000000000000000000000                       000000000000000000000000000                       000000000000000000000000000     24 2 00000000004  000000   Y19600001594
1518999994232406   000000 000000 N04 00000000100000000100090000000233700000143700000000000000000 E7010880                                                                                                                                                                                                65B LONG BEACH BLVD      240607196820197724041524051500020  6900002                            000000000000000000000000000                       000000000000000000000000000                       000000000000000000000000000                       000000000000000000000000000                       000000000000000000000000000     24 2 00000000004  000000   Y20140003475
1518999994232406   000000 000000 N04 00000000100000000100202160000216720000014560000000000000000 E7010883                                                                                                                                                                                                84C BAYVIEW AVE          240607196850059024050824051700020  6300005                            000000000000000000000000000                       000000000000000000000000000                       000000000000000000000000000                       000000000000000000000000000                       000000000000000000000000000     24 2 00000000004  000000   Y19610001680
1518999994232406   000000 000000 N01 00000000100000000100067500000139920000072420000000000000000 E7010884                                                                                                                                                                                                1044D LONG BEACH BLVD    240607196870131024050324052100018  4400004                            000000000000000000000000000                       000000000000000000000000000                       000000000000000000000000000                       000000000000000000000000000                       000000000000000000000000000     24 2 00000000001  000000   Y20040002747
1518999994232406   000000 000000 N01 00000000100000000100201000000435600000234600000000000000000 E7010885                                                                                                                                                                                                1046E LONG BEACH BLVD    240607196870147224050324052100018  4600005  03                        000000000000000000000000000                       000000000000000000000000000                       000000000000000000000000000                       000000000000000000000000000                       000000000000000000000000000     24 2 00000000001  000000   Y20190005783
1518999994232406   000000 000000 N04 00000000100000000100051480000112600000061120000000000000000 E7010886                                                                                                                                                                                                11 W CAPE COD LANE       240607196880055224043024052100012  1300010                            000000000000000000000000000                       000000000000000000000000000                       000000000000000000000000000                       000000000000000000000000000                       000000000000000000000000000     24 2 00000000004  000000   Y20140002280
1518999994232406   000000 000000 N01 00020000000020000000093580000103430000009850000000000093500E 7010887                                                                                                                                                                                                102 E MARINERS LANE      240607196880175824041224052100012  0700013                            000000000000000000000000000                       000000000000000000000000000                       000000000000000000000000000                       000000000000000000000000000                       000000000000000000000000000     24 2 00000000001 R240611   Y19550001376
1518999994232406   000000 000000 N01 00000001000000001000094560000149970000055410000000000000000 E7011307                                                                                                                                                                                                108 E SAIL BOAT DRIVE    240621196920056324051724052800012  2100013                            000000000000000000000000000                       000000000000000000000000000                       000000000000000000000000000                       000000000000000000000000000                       000000000000000000000000000     24 2 00000000001  000000   Y20090002143
1518999994232406   000000 000000 N04 00000001000000001000094560000149970000055410000000000000000 E7011308                                                                                                                                                                                                108 E SAIL BOAT DRIVE    240621196920057024051724052800012  2100013                            000000000000000000000000000                       000000000000000000000000000                       000000000000000000000000000                       000000000000000000000000000                       000000000000000000000000000     24 2 00000000004  000000   Y20090002143
1518999994232406   000000 000000 N04 00000001000000001000094560000149970000055410000000000000000 E7011309                                                                                                                                                                                                108 E SAIL BOAT DRIVE    240621196920057724051724052800012  2100013                            000000000000000000000000000                       000000000000000000000000000                       000000000000000000000000000                       000000000000000000000000000                       000000000000000000000000000     24 2 00000000004  000000   Y20090002143
1518999994232406   000000 000000 N04 00000001000000001000112500000196260000083760000000000000000 E7011310                                                                                                                                                                                                91 PANORAMA S            240621196920169624052224052800020  6400018                            000000000000000000000000000                       000000000000000000000000000                       000000000000000000000000000                       000000000000000000000000000                       000000000000000000000000000     24 2 00000000004  000000   Y20030002969
1518999994232406   000000 000000 N07 00128500000128500000052650000063030000010380000000001946300EA7011311                                                                                                                                                                                                31 W 87TH STREET         240621196930056124050224052800013  0400019                            000000000000000000000000000                       000000000000000000000000000                       000000000000000000000000000                       000000000000000000000000000                       000000000000000000000000000     24 2 00000000026 R240628   Y19600001584
1518999994232406   000000 000000 N04 00000000100000000100021500000021820000000320000000000000000 E7011314                                                                                                                                                                                                INLET RD                 240621196930136824051524052900001 10200028                            000000000000000000000000000                       000000000000000000000000000                       000000000000000000000000000                       000000000000000000000000000                       000000000000000000000000000     24 2 00000000004  000000   Y00000000000
1518999994232406   000000 000000 N04 00000000100000000100052700000069000000016300000000000000000 E7011315                                                                                                                                                                                                20 W INLET RD            240621196930143424051524052900001  3400028                            000000000000000000000000000                       000000000000000000000000000                       000000000000000000000000000                       000000000000000000000000000                       000000000000000000000000000     24 2 00000000004  000000   Y19800001138
1518999994232406   000000 000000 N25 00000000100000000100129200000160080000030880000000000000000 E7011317                                                                                                                                                                                                6107 OCEAN BLVD          240621196960022824052224053000015  4000003                            000000000000000000000000000                       000000000000000000000000000                       000000000000000000000000000                       000000000000000000000000000                       000000000000000000000000000     24 2 00000000025  000000   Y19780001824
1518999994232406   000000 000000 N25 00000000100000000100129200000160080000030880000000000000000 E7011318                                                                                                                                                                                                6107 OCEAN BLVD          240621196960023724052224053000015  4000003                            000000000000000000000000000                       000000000000000000000000000                       000000000000000000000000000                       000000000000000000000000000                       000000000000000000000000000     24 2 00000000025  000000   Y19780001824
1518999994232407   000000 000000 N07 00280000000280000000072000000139680000067680000000005935500E 7011778                                                                                                                                                                                                28 E OCEAN VIEW DRIVE    240705197040183324052324061000012  1400011                            000000000000000000000000000                       000000000000000000000000000                       000000000000000000000000000                       000000000000000000000000000                       000000000000000000000000000     24 2 00000000026 R240709   Y20190002537
1518999994232407   000000 000000 N07 00137500000137500000051500000068860000017360000000002786250E 7011779                                                                                                                                                                                                9 W HOLLY BANKS LANE     240705197060160124060524061100008  2900004                            000000000000000000000000000                       000000000000000000000000000                       000000000000000000000000000                       000000000000000000000000000                       000000000000000000000000000     24 2 00000000026 R240709   Y19840001636
1518999994232407   000000 000000 N04 00000000100000000100077780000096480000018700000000000000000 E7012131                                                                                                                                                                                                21 E MEARS AVE           240705197040074324060324060700015  7400005                            000000000000000000000000000                       000000000000000000000000000                       000000000000000000000000000                       000000000000000000000000000                       000000000000000000000000000     24 2 00000000004  000000   Y19840001248
1518999994232407   000000 000000 N04 00000000100000000100077780000096480000018700000000000000000 E7012132                                                                                                                                                                                                21 E MEARS AVE           240705197040080924060324060700015  7400005                            000000000000000000000000000                       000000000000000000000000000                       000000000000000000000000000                       000000000000000000000000000                       000000000000000000000000000     24 2 00000000004  000000   Y19840001248
1518999994232407   000000 000000 N01 00000000100000000100049720000081530000031810000000000000000 E7012133                                                                                                                                                                                                139 W PENNSYLVANIA AVE   240705197070070324060424061200007  1400002  02                        000000000000000000000000000                       000000000000000000000000000                       000000000000000000000000000                       000000000000000000000000000                       000000000000000000000000000     24 2 00000000001  000000   Y19870001696
1518999994232407   000000 000000 N07 00112500000112500000061560000075310000013750000000002233750E 7012135                                                                                                                                                                                                13209 BEACH AVE          240705197080148024060524061300007  0500001                            000000000000000000000000000                       000000000000000000000000000                       000000000000000000000000000                       000000000000000000000000000                       000000000000000000000000000     24 2 00000000026 R240709   Y19580001712
1518999994232407   000000 000000 N01 00000000100000000100054500000083800000029300000000000000000 E7012136                                                                                                                                                                                                1036A LONG BEACH BLVD    240705197080180324052824061300018  3600001                            000000000000000000000000000                       000000000000000000000000000                       000000000000000000000000000                       000000000000000000000000000                       000000000000000000000000000     24 2 00000000001  000000   Y19600002240
1518999994232407   000000 000000 N07 00419999000419999000136000000230780000094780000000009029490E 7012137                                                                                                                                                                                                45C LONG BEACH BLVD      240705197090047924053024061400020  4500003                            000000000000000000000000000                       000000000000000000000000000                       000000000000000000000000000                       000000000000000000000000000                       000000000000000000000000000     24 2 00000000026 R240709   Y20020003274
1518999994232407   000000 000000 N01 00000000100000000100067500000078050000010550000000000000000 E7012138                                                                                                                                                                                                1108D LONG BEACH BLVD    240705197100129824053124061700018 10800002                            000000000000000000000000000                       000000000000000000000000000                       000000000000000000000000000                       000000000000000000000000000                       000000000000000000000000000     24 2 00000000001  000000   Y19700002024
1518999994232407   000000 000000 N02 00000001000000001000141800000179740000037940000000000000000 E7012139                                                                                                                                                                                                11 SANDY COVE LANE       240705197100153423122724061700020 12000012                            000000000000000000000000000                       000000000000000000000000000                       000000000000000000000000000                       000000000000000000000000000                       000000000000000000000000000     23 2 00000000002  000000   Y19890001782
1518999994232407   000000 000000 N07 00195000000195000000080000000092660000012660000000003063500EA7012140                                                                                                                                                                                                40C LONG BEACH BLVD      240705197110138124051624061700020  4000003                            000000000000000000000000000                       000000000000000000000000000                       000000000000000000000000000                       000000000000000000000000000                       000000000000000000000000000     24 2 00000000026 R240709   Y19400001739
1518999994232407   000000 000000 N25 00000000100000000100081500000109860000028360000000000000000 E7012141                                                                                                                                                                                                9 W DUNE LANE            240705197120025024060624061800008  0600023                            000000000000000000000000000                       000000000000000000000000000                       000000000000000000000000000                       000000000000000000000000000                       000000000000000000000000000     24 2 00000000025  000000   Y19640002194
1518999994232407   000000 000000 N01 00000000100000000100075000000125970000050970000000000000000 E7012142                                                                                                                                                                                                10 E 47TH STREET         240705197120188024060724061800015  9300017                            000000000000000000000000000                       000000000000000000000000000                       000000000000000000000000000                       000000000000000000000000000                       000000000000000000000000000     24 2 00000000001  000000   Y19980002244
1518999994232407   000000 000000 N04 00000000100000000100077780000096480000018700000000000000000 E7012323                                                                                                                                                                                                21 E MEARS AVE           240712197150064524060324062000015  7400005                            000000000000000000000000000                       000000000000000000000000000                       000000000000000000000000000                       000000000000000000000000000                       000000000000000000000000000     24 2 00000000004  000000   Y19840001248
1518999994232407   000000 000000 N04 00000000100000000100067500000099310000031810000000000000000 E7012324                                                                                                                                                                                                105 E PENNSYLVANIA AVE   240712197150157424061324062400007  1700003                            000000000000000000000000000                       000000000000000000000000000                       000000000000000000000000000                       000000000000000000000000000                       000000000000000000000000000     24 2 00000000004  000000   Y19700002097
1518999994232407   000000 000000 N04 00000000100000000100092500000115430000022930000000000000000 E7012460                                                                                                                                                                                                42 BUTLER ROAD           240712197170150324061724062500023  1100011                            000000000000000000000000000                       000000000000000000000000000                       000000000000000000000000000                       000000000000000000000000000                       000000000000000000000000000     24 2 00000000004  000000   Y19800001708
1518999994232407   000000 000000 N04 00000000100000000100075600000090780000015180000000000000000 E7012461                                                                                                                                                                                                201 E SOUTH 31ST STREET  240712197180066524061924062500006  2900001                            000000000000000000000000000                       000000000000000000000000000                       000000000000000000000000000                       000000000000000000000000000                       000000000000000000000000000     24 2 00000000004  000000   Y19540001632
1518999994232407   000000 000000 N01 00000000100000000100090000000129340000039340000000000000000 E7012736                                                                                                                                                                                                1033A LONG BEACH BLVD    240724197190059924061424062600018  3300002                            000000000000000000000000000                       000000000000000000000000000                       000000000000000000000000000                       000000000000000000000000000                       000000000000000000000000000     24 2 00000000001  000000   Y19820002448
1518999994232407   000000 000000 N04 00000000100000000100123130000173990000050860000000000000000 E7012737                                                                                                                                                                                                205 E 25TH STREET        240724197190095724061124062600005  2500001                            000000000000000000000000000                       000000000000000000000000000                       000000000000000000000000000                       000000000000000000000000000                       000000000000000000000000000     24 2 00000000004  000000   Y18890002934
1518999994232407   000000 000000 N14 00000001000000001000060750000102450000041700000000000000000 E7012738                                                                                                                                                                                                8 WILLIAM STREET         240724197200095324061724062700018 12800004                            000000000000000000000000000                       000000000000000000000000000                       000000000000000000000000000                       000000000000000000000000000                       000000000000000000000000000     24 2 00000000014  000000   Y19880002288
1518999994232407   000000 000000 N01 00000000100000000100066000000077750000011750000000000000200EE7012740                                                                                                                                                                                                23 E BAY BERRY DRIVE     240724197200171824061724062700012  1100006                            000000000000000000000000000                       000000000000000000000000000                       000000000000000000000000000                       000000000000000000000000000                       000000000000000000000000000     24 2 00000000001  000000   Y19490000984
1518999994232407   000000 000000 N01 00000000100000000100063000000071300000008300000000000000000 E7012741                                                                                                                                                                                                1406 BEACH AVE           240724197200184324062524062700004  1300010                            000000000000000000000000000                       000000000000000000000000000                       000000000000000000000000000                       000000000000000000000000000                       000000000000000000000000000     24 2 00000000001  000000   Y19500001078
1518999994232407   000000 000000 N07 00390000000390000000110140000212210000102070000000008366500E 7012742                                                                                                                                                                                                214 E 15TH STREET        240724197210173124052224062800004  1500007                            000000000000000000000000000                       000000000000000000000000000                       000000000000000000000000000                       000000000000000000000000000                       000000000000000000000000000     24 2 00000000026 R240730   Y20210003492
1518999994232407   000000 000000 N07 00222500000222500000044630000125940000081310000000003525500EA7012744                                                                                                                                                                                                5 W COGHLAN AVE          240724197220099824060824062800015  0300016                            000000000000000000000000000                       000000000000000000000000000                       000000000000000000000000000                       000000000000000000000000000                       000000000000000000000000000     24 2 00000000026 R240730   Y20100002672
1518999994232311   000000 000000 U   00139000000139000000046350000061980000015630004459002819400E 7001151                                                                                                                                                                                                113 W INDIANA AVE        231201195200031123092723102500007  2300005                            000000000000000000000000000                       000000000000000000000000000                       000000000000000000000000000                       000000000000000000000000000                       000000000000000000000000000     23 2 000000000    000000   Y19790001650
1518999994232405   000000 000000 U   00280000000280000000060000000127530000067530004555005935500E 7009898                                                                                                                                                                                                127 E MARYLAND AVE       240517196700099824042424050100007  1100008                            000000000000000000000000000                       000000000000000000000000000                       000000000000000000000000000                       000000000000000000000000000                       000000000000000000000000000     24 2 000000000    000000   Y20120002389
1518999994232402   000000 000000 U   00200000000200000000085000000097160000012160004858004167500E 7004709                                                                                                                                                                                                23 PANORAMA S            240202195730175123122024010300020  5800007                            000000000000000000000000000                       000000000000000000000000000                       000000000000000000000000000                       000000000000000000000000000                       000000000000000000000000000     23 2 000000000    000000   Y19530001008
1518999994232310   000000 000000 U   00235000000235000000048150000114380000066230004867004941000E 6995814                                                                                                                                                                                                26 W ROSEMMA AVE         231020194410180823071523072600001  5500052                            000000000000000000000000000                       000000000000000000000000000                       000000000000000000000000000                       000000000000000000000000000                       000000000000000000000000000     23 2 000000000    000000   Y20210002448
1518999994232406   000000 000000 U   00135000000135000000030000000066210000036210004904002731000E 7011312                                                                                                                                                                                                4 W SUSAN AVE U-A        240621196930124324052324052900001  7600016                            000000000000000000000000000                       000000000000000000000000000                       000000000000000000000000000                       000000000000000000000000000                       000000000000000000000000000C000124 2 000000000    000000 Y Y20050001360
1518999994232310   000000 000000 U   00200000000200000000060000000098830000038830004942004167500E 6997827                                                                                                                                                                                                48A LONG BEACH BLVD      231020194720149023081423083000020  4800001                            000000000000000000000000000                       000000000000000000000000000                       000000000000000000000000000                       000000000000000000000000000                       000000000000000000000000000     23 2 000000000    000000   Y19840002088
1518999994232402   000000 000000 U   00199550000199550000082500000100980000018480005060004157555E 7005097                                                                                                                                                                                                11410 BEACH AVE          240216195870087923120824012200010  2500007                            000000000000000000000000000                       000000000000000000000000000                       000000000000000000000000000                       000000000000000000000000000                       000000000000000000000000000     23 2 000000000    000000   Y19800001794
1518999994232401   000000 000000 U   00202500000202500000081500000105420000023920005206003189500EA7003244                                                                                                                                                                                                9 W RYERSON LANE         240112195550067523113023120700008  1000014                            000000000000000000000000000                       000000000000000000000000000                       000000000000000000000000000                       000000000000000000000000000                       000000000000000000000000000     23 2 000000000    000000   Y19680000000
1518999994232310   000000 000000 U   00162000000162000000075000000085150000010150005256003327700E 6999905                                                                                                                                                                                                14 E SIGSBEE AVE         231027195030028323090523100400015  2600018                            000000000000000000000000000                       000000000000000000000000000                       000000000000000000000000000                       000000000000000000000000000                       000000000000000000000000000     23 2 000000000    000000   Y19650001920
1518999994232312   000000 000000 U   00210000000210000000060000000110870000050870005280003315500EA7002825                                                                                                                                                                                                10 WEST MURIEL AVENUE    231229195450177023110923112400011  2800001  18                        000000000000000000000000000                       000000000000000000000000000                       000000000000000000000000000                       000000000000000000000000000                       000000000000000000000000000     23 2 000000000    000000   Y20110002132
1518999994232401   000000 000000 U   00140000000140000000064400000077300000012900005521002841500E 7003245                                                                                                                                                                                                4 E 19TH STREET          240112195560062723102523120800004  3600013                            000000000000000000000000000                       000000000000000000000000000                       000000000000000000000000000                       000000000000000000000000000                       000000000000000000000000000     23 2 000000000    000000   Y19550001572
1518999994232310   000000 000000 U   00220000000220000000060900000122480000061580005567004609500E 6999026                                                                                                                                                                                                5 E 15TH STREET          231020194880048723090223091800004  1900002  02                        000000000000000000000000000                       000000000000000000000000000                       000000000000000000000000000                       000000000000000000000000000                       000000000000000000000000000     23 2 000000000    000000   Y20160002390
1518999994232310   000000 000000 U   00159500000159500000032780000088970000056190005578003272450E 6995202                                                                                                                                                                                                103 ROXIE AVE  U-W       231020194200050023051223070300018  5600002                            000000000000000000000000000                       000000000000000000000000000                       000000000000000000000000000                       000000000000000000000000000                       000000000000000000000000000C000223 2 000000000    000000 Y Y20090001621
1518999994232310   000000 000000 U   00127108200127108200054500000071530000017030005627002557097E 6999028                                                                                                                                                                                                1082A LONG BEACH BLVD    231020194890141923091123091900018  8200001                            000000000000000000000000000                       000000000000000000000000000                       000000000000000000000000000                       000000000000000000000000000                       000000000000000000000000000     23 2 000000000    000000   Y19700001936
1518999994232402   000000 000000 U   00142500000142500000070000000080350000010350005639002896750E 7005092                                                                                                                                                                                                166C LONG BEACH BLVD     240216195850024823122224011800020 16200003                            000000000000000000000000000                       000000000000000000000000000                       000000000000000000000000000                       000000000000000000000000000                       000000000000000000000000000     23 2 000000000   R240409   Y19760001044
1518999994232404   000000 000000 U   00327500000327500000158270000184770000026500005642006985250E 7008416                                                                                                                                                                                                210 E 23RD STREET        240426196490038824031924040400005  1200005                            000000000000000000000000000                       000000000000000000000000000                       000000000000000000000000000                       000000000000000000000000000                       000000000000000000000000000     24 2 000000000    000000   Y19070002534
1518999994232403   000000 000000 U   00240000000240000000135000000135660000000660005653002651500E 7006074                                                                                                                                                                                                166D MARINA BLVD         240308196020159224020124020900020  7900004                            000000000000000000000000000                       000000000000000000000000000                       000000000000000000000000000                       000000000000000000000000000                       000000000000000000000000000     24 2 000000000    000000   Y00000000000
1518999994232404   000000 000000 U   00284000000284000000072750000162810000090060005733006023900E 7008801                                                                                                                                                                                                16 E FLORIDA AVE         240426196510123924032224040800011  1700013                            000000000000000000000000000                       000000000000000000000000000                       000000000000000000000000000                       000000000000000000000000000                       000000000000000000000000000     24 2 000000000    000000   Y20200002612
1518999994232310   000000 000000 U   00229500000229500000048150000132590000084440005777004819450E 6995299                                                                                                                                                                                                10 W PERSHING AVE        231020194270047523062923071100001  1900017  01                        000000000000000000000000000                       000000000000000000000000000                       000000000000000000000000000                       000000000000000000000000000                       000000000000000000000000000     23 2 000000000    000000   Y20200002844
1518999994232310   000000 000000 U   00160000000160000000073000000092470000019470005779003283500E 6999021                                                                                                                                                                                                55 HOLLY DRIVE           231020194830184323070123091300020 17200014                            000000000000000000000000000                       000000000000000000000000000                       000000000000000000000000000                       000000000000000000000000000                       000000000000000000000000000     23 2 000000000   R240315   Y19620001903
1518999994232310   000000 000000 U   00169500000169500000050850000098710000047860005824003493450E 6995816                                                                                                                                                                                                109 W 15TH STREET        231020194440115023072123073100004  1700004                            000000000000000000000000000                       000000000000000000000000000                       000000000000000000000000000                       000000000000000000000000000                       000000000000000000000000000     23 2 000000000    000000   Y19990002154
1518999994232310   000000 000000 U   00105000000105000000056000000062080000006080005912002068000E 6995302                                                                                                                                                                                                10 E 20TH STREET         231020194280093623032623071200004  4200018                            000000000000000000000000000                       000000000000000000000000000                       000000000000000000000000000                       000000000000000000000000000                       000000000000000000000000000     23 2 000000000    000000   Y19500000770
1518999994232311   000000 000000 U   00132500000132500000053500000078600000025100005932002675750E 7001150                                                                                                                                                                                                6 W MCKINLEY AVE         231201195180122123092523102400001  0700021                            000000000000000000000000000                       000000000000000000000000000                       000000000000000000000000000                       000000000000000000000000000                       000000000000000000000000000     23 2 000000000    000000   Y19700001728
1518999994232406   000000 000000 U   00120000000120000000032100000071280000039180005940002399500E 7011313                                                                                                                                                                                                12 W HARDING AVE U-B     240621196930132024052324052900001  1300020                            000000000000000000000000000                       000000000000000000000000000                       000000000000000000000000000                       000000000000000000000000000                       000000000000000000000000000C000224 2 000000000    000000 Y Y20060001889
1518999994232404   000000 000000 U   00160000000160000000064200000095460000031260005966003283500E 7007679                                                                                                                                                                                                11 W MCKINLEY AVE        240412196330075324030824031800001  1000022                            000000000000000000000000000                       000000000000000000000000000                       000000000000000000000000000                       000000000000000000000000000                       000000000000000000000000000     24 2 000000000    000000   Y19840001882
1518999994232312   000000 000000 U   00270000000270000000105000000163120000058120006041004323500EA7002731                                                                                                                                                                                                120 W YARMOUTH COURT     231222195440176023111023112200001 10200013                            000000000000000000000000000                       000000000000000000000000000                       000000000000000000000000000                       000000000000000000000000000                       000000000000000000000000000     23 2 000000000    000000   Y19870002582
1518999994232402   000000 000000 U   00043900000043900000019490000026710000007220006084000358940E 7005624                                                                                                                                                                                                28 W NEW JERSEY AVE U-E  240301195950097123122924013100007  1500017                            000000000000000000000000000                       000000000000000000000000000                       000000000000000000000000000                       000000000000000000000000000                       000000000000000000000000000C000523 2 000000000    000000 Y Y19550000419
1518999994232404   000000 000000 U   00150000000150000000081230000091370000010140006091003062500E 7008415                                                                                                                                                                                                1706 ATLANTIC AVE        240426196480053424030724040400004  3100009                            000000000000000000000000000                       000000000000000000000000000                       000000000000000000000000000                       000000000000000000000000000                       000000000000000000000000000     24 2 000000000    000000   Y19500001274
1518999994232402   000000 000000 U   00179900000179900000052650000109640000056990006094003723290E 7005626                                                                                                                                                                                                8 W 85TH STREET          240301195960191424012924020200013  0700008  04                        000000000000000000000000000                       000000000000000000000000000                       000000000000000000000000000                       000000000000000000000000000                       000000000000000000000000000     24 2 000000000    000000   Y20070002179
1518999994232402   000000 000000 U   00285000000285000000055370000173910000118540006102006046000E 7005620                                                                                                                                                                                                16 W 18TH STREET         240301195890180724010424012400004  2900007  01                        000000000000000000000000000                       000000000000000000000000000                       000000000000000000000000000                       000000000000000000000000000                       000000000000000000000000000     24 2 000000000    000000   Y20220002855
1518999994232310   000000 000000 U   00080000000080000000042000000049230000007230006154000730500E 6999024                                                                                                                                                                                                4300C LONG BEACH BLVD    231020194860076123083023091500015 10500007                            000000000000000000000000000                       000000000000000000000000000                       000000000000000000000000000                       000000000000000000000000000                       000000000000000000000000000     23 2 000000000    000000   Y19480000567
1518999994232402   000000 000000 U   00122500000122500000067500000076130000008630006215002454750E 7004714                                                                                                                                                                                                18 E 86TH SEA GLASS LN   240202195780052523112724010900013  0500009                            000000000000000000000000000                       000000000000000000000000000                       000000000000000000000000000                       000000000000000000000000000                       000000000000000000000000000     23 2 000000000    000000   Y19530001440
1518999994232310   000000 000000 U   00300000000300000000143100000186610000043510006220006377500E 6999031                                                                                                                                                                                                4405 S LONG BEACH BLVD   231020194910153423091023092100001  3900003                            000000000000000000000000000                       000000000000000000000000000                       000000000000000000000000000                       000000000000000000000000000                       000000000000000000000000000     23 2 000000000    000000   Y19780002856
1518999994232401   000000 000000 U   00111250000111250000055000000069260000014260006226001656500EA7004220                                                                                                                                                                                                3 STARBOARD ROAD         240126195750071523122724010400018  2800003                            000000000000000000000000000                       000000000000000000000000000                       000000000000000000000000000                       000000000000000000000000000                       000000000000000000000000000     23 2 000000000    000000   Y19500001309
1518999994232401   000000 000000 U   00142500000142500000072500000088920000016420006240002181500EA7003611                                                                                                                                                                                                9 ALMA ROAD              240119195610099023120523121400023  0800019                            000000000000000000000000000                       000000000000000000000000000                       000000000000000000000000000                       000000000000000000000000000                       000000000000000000000000000     23 2 000000000    000000   Y19700001576
1518999994232402   000000 000000 U   00160000000160000000086250000100060000013810006254003283500E 7005101                                                                                                                                                                                                5 E DAYTON AVE           240216195880151224011924012300015  1400002                            000000000000000000000000000                       000000000000000000000000000                       000000000000000000000000000                       000000000000000000000000000                       000000000000000000000000000     24 2 000000000    000000   Y19650001296
1518999994232310   000000 000000 U   00210000000210000000105800000131350000025550006255004388500E 6999019                                                                                                                                                                                                33 W 87TH STREET         231020194820087023090523091200013  0400003                            000000000000000000000000000                       000000000000000000000000000                       000000000000000000000000000                       000000000000000000000000000                       000000000000000000000000000     23 2 000000000    000000   Y19820002184
1518999994232310   000000 000000 U   00147500000147500000050290000092860000042570006296003007250E 6999029                                                                                                                                                                                                10 W JOAN RD             231020194890194623072023092000001  2400011                            000000000000000000000000000                       000000000000000000000000000                       000000000000000000000000000                       000000000000000000000000000                       000000000000000000000000000     23 2 000000000    000000   Y20160001587
1518999994232310   000000 000000 U   00097500000097500000054000000061540000007540006312000928500E 6996189                                                                                                                                                                                                116 E MARYLAND AVE       231020194530020023060323080800007  0500019                            000000000000000000000000000                       000000000000000000000000000                       000000000000000000000000000                       000000000000000000000000000                       000000000000000000000000000     23 2 000000000    000000   Y19550001080
1518999994232310   000000 000000 U   00149500000149500000077500000094470000016970006319002299100EA6997042                                                                                                                                                                                                1078F LONG BEACH BLVD    231020194630161423080723081800018  7800006                            000000000000000000000000000                       000000000000000000000000000                       000000000000000000000000000                       000000000000000000000000000                       000000000000000000000000000     23 2 000000000    000000   Y19640001599
1518999994232406   000000 000000 U   00108500000108500000048000000068990000020990006359002145350E 7011316                                                                                                                                                                                                2 W CONNECTICUT AVE      240621196940080624043024052900013  1300010  01                        000000000000000000000000000                       000000000000000000000000000                       000000000000000000000000000                       000000000000000000000000000                       000000000000000000000000000     24 2 000000000    000000   Y19990001056
1518999994232401   000000 000000 U   00134500000134500000046800000085970000039170006392002047100EA7003623                                                                                                                                                                                                15 W RHODE ISLAND AVE    240119195670183423121123122200013  1900008                            000000000000000000000000000                       000000000000000000000000000                       000000000000000000000000000                       000000000000000000000000000                       000000000000000000000000000     23 2 000000000    000000   Y19650001544
1518999994232404   000000 000000 U   00108100000108100000060000000069550000009550006434002136510E 7008362                                                                                                                                                                                                9604 BEACH AVE           240419196460071424032224040200011  3100010                            000000000000000000000000000                       000000000000000000000000000                       000000000000000000000000000                       000000000000000000000000000                       000000000000000000000000000     24 2 000000000    000000   Y19400001137
1518999994232402   000000 000000 U   00146000000146000000048150000094200000046050006452002974100E 7005623                                                                                                                                                                                                17 W TEBCO TERRACE       240301195950012824012924013100001  4800008                            000000000000000000000000000                       000000000000000000000000000                       000000000000000000000000000                       000000000000000000000000000                       000000000000000000000000000     24 2 000000000    000000   Y20050002062
1518999994232406   000000 000000 U   00176500000176500000092160000115000000022840006516003648150E 7011038                                                                                                                                                                                                107 E NEW YORK AVE       240614196890177224041824052300013  1500003                            000000000000000000000000000                       000000000000000000000000000                       000000000000000000000000000                       000000000000000000000000000                       000000000000000000000000000     24 2 000000000    000000   Y19650001872
1518999994232310   000000 000000 U   00215000000215000000072000000140120000068120006517003399500EA6999018                                                                                                                                                                                                22 E OCEAN VIEW DRIVE    231020194810178123082523091100012  1400012                            000000000000000000000000000                       000000000000000000000000000                       000000000000000000000000000                       000000000000000000000000000                       000000000000000000000000000     23 2 000000000    000000   Y20160002466
1518999994232404   000000 000000 U   00190000000190000000070000000124020000054020006527003946500E 7008357                                                                                                                                                                                                13 E 16TH STREET         240419196360002124031224032000004  2400007                            000000000000000000000000000                       000000000000000000000000000                       000000000000000000000000000                       000000000000000000000000000                       000000000000000000000000000     24 2 000000000    000000   Y20000002613
1518999994232406   000000 000000 U   00165000000165000000055200000108070000052870006550003394000E 7011587                                                                                                                                                                                                8 W MARYLAND AVE         240628197000063524050924060400007  0200015                            000000000000000000000000000                       000000000000000000000000000                       000000000000000000000000000                       000000000000000000000000000                       000000000000000000000000000     24 2 000000000    000000   Y20070002029
1518999994232311   000000 000000 U   00078000000078000000035000000051190000016190006563000709300E 7001149                                                                                                                                                                                                7301 LONG BEACH BLVD #D25231201195160022423100523102000015  0500014                            000000000000000000000000000                       000000000000000000000000000                       000000000000000000000000000                       000000000000000000000000000                       000000000000000000000000000C402523 2 000000000    000000 Y Y19850001264
1518999994232404   000000 000000 U   00127500000127500000069550000083980000014430006587002565250E 7007507                                                                                                                                                                                                11 E MAC EVOY LANE       240405196290188824030824031400010  0300003                            000000000000000000000000000                       000000000000000000000000000                       000000000000000000000000000                       000000000000000000000000000                       000000000000000000000000000     24 2 000000000    000000   Y19690001484
1518999994232310   000000 000000 U   00089000000089000000024000000059050000035050006635000829900E 6995298                                                                                                                                                                                                6412 LONG BEACH BLVD U-B 231020194270031423062823071100015  2900005                            000000000000000000000000000                       000000000000000000000000000                       000000000000000000000000000                       000000000000000000000000000                       000000000000000000000000000C000223 2 000000000    000000 Y Y20050001195
1518999994232403   000000 000000 U   00260000000260000000082500000173450000090950006671005493500E 7006229                                                                                                                                                                                                103 E DUNE LANE          240308196040024224020524021200008  0800002                            000000000000000000000000000                       000000000000000000000000000                       000000000000000000000000000                       000000000000000000000000000                       000000000000000000000000000     24 2 000000000    000000   Y20210002584
1518999994232406   000000 000000 U   00130000000130000000068180000086760000018580006674001971500EA7011253                                                                                                                                                                                                7 E 39TH STREET          240621196770048824050224050800015 12300002                            000000000000000000000000000                       000000000000000000000000000                       000000000000000000000000000                       000000000000000000000000000                       000000000000000000000000000     24 2 000000000    000000   Y19300001804
1518999994232406   000000 000000 U   00430543000430543000147300000288200000140900006694009262585E 7010983                                                                                                                                                                                                35 W MISSISSIPPI AVE     240614196850124724042024051700010  1900001                            000000000000000000000000000                       000000000000000000000000000                       000000000000000000000000000                       000000000000000000000000000                       000000000000000000000000000     24 2 000000000    000000   Y20160004210
1518999994232401   000000 000000 U   00115000000115000000067500000077130000009630006707002289000E 7003612                                                                                                                                                                                                10 E 85TH STREET         240119195610197423112923121500013  0800013                            000000000000000000000000000                       000000000000000000000000000                       000000000000000000000000000                       000000000000000000000000000                       000000000000000000000000000     23 2 000000000    000000   Y19630000864
1518999994232406   000000 000000 U   00313300000313300000165200000210430000045230006717006671430E 7011040                                                                                                                                                                                                168F LONG BEACH BLVD     240614196900076924052024052300020 16400006                            000000000000000000000000000                       000000000000000000000000000                       000000000000000000000000000                       000000000000000000000000000                       000000000000000000000000000     24 2 000000000    000000   Y19850002981
1518999994232402   000000 000000 U   00091000000091000000028890000061580000032690006767000853100E 7005983                                                                                                                                                                                                27 W JACQUELINE AVE U-A  240301196000061824012924020700001  3100005                            000000000000000000000000000                       000000000000000000000000000                       000000000000000000000000000                       000000000000000000000000000                       000000000000000000000000000C000124 2 000000000    000000 Y Y20060001216
1518999994232402   000000 000000 U   00290000000290000000145350000197420000052070006808006156500E 7004791                                                                                                                                                                                                120 E BAY BERRY DRIVE    240209195830083023121624011600012  0900008                            000000000000000000000000000                       000000000000000000000000000                       000000000000000000000000000                       000000000000000000000000000                       000000000000000000000000000     23 2 000000000    000000   Y19890002856
1518999994232403   000000 000000 U   00305500000305500000063500000208960000145460006840004919900EA7007230                                                                                                                                                                                                15 W MEARS AVE           240329196260183524022924031100015  7300004  04                        000000000000000000000000000                       000000000000000000000000000                       000000000000000000000000000                       000000000000000000000000000                       000000000000000000000000000     24 2 000000000    000000   Y20170003144
1518999994232312   000000 000000 U   00145000000145000000066000000099850000033850006886002952000E 7001894                                                                                                                                                                                                26 E MARINERS LANE       231208195360041823103123111300012  0600012                            000000000000000000000000000                       000000000000000000000000000                       000000000000000000000000000                       000000000000000000000000000                       000000000000000000000000000     23 2 000000000    000000   Y20050001764
1518999994232311   000000 000000 U   00173500000173500000088650000119850000031200006908003581850E 7000337                                                                                                                                                                                                200 E 26TH STREET        231110195090160823100523101300005  2500007                            000000000000000000000000000                       000000000000000000000000000                       000000000000000000000000000                       000000000000000000000000000                       000000000000000000000000000     23 2 000000000    000000   Y19390001960
1518999994232403   000000 000000 U   00230000000230000000115500000159370000043870006929004830500E 7006232                                                                                                                                                                                                110 W NEWPORT DRIVE      240308196040153024011324021200001 10200018                            000000000000000000000000000                       000000000000000000000000000                       000000000000000000000000000                       000000000000000000000000000                       000000000000000000000000000     24 2 000000000    000000   Y19860002491
1518999994232311   000000 000000 U   00106000000106000000031100000073560000042460006940001568300EA7001146                                                                                                                                                                                                10001 HIGHLAND AVE U-A   231201195150170623091923101900011  1600016                            000000000000000000000000000                       000000000000000000000000000                       000000000000000000000000000                       000000000000000000000000000                       000000000000000000000000000C000123 2 000000000    000000 Y Y20150001510
1518999994232407   000000 000000 U   00099999900099999900028250000069420000041170006942000957500E 7012459                                                                                                                                                                                                35 W MARYLAND AVE U-A    240712197170087524052924062400007  0900004                            000000000000000000000000000                       000000000000000000000000000                       000000000000000000000000000                       000000000000000000000000000                       000000000000000000000000000C000124 2 000000000    000000 Y Y20070001570
1518999994232311   000000 000000 U   00115000000115000000060750000080310000019560006983002289000E 7000339                                                                                                                                                                                                2910 BEACH AVE           231110195100017923100423101300006  1600009                            000000000000000000000000000                       000000000000000000000000000                       000000000000000000000000000                       000000000000000000000000000                       000000000000000000000000000     23 2 000000000    000000   Y19550001374
1518999994232407   000000 000000 U   00180000000180000000075000000125970000050970006998002811500EA7012143                                                                                                                                                                                                10 E 47TH STREET         240705197120188724060724061800015  9300017                            000000000000000000000000000                       000000000000000000000000000                       000000000000000000000000000                       000000000000000000000000000                       000000000000000000000000000     24 2 00000000010 R240709   Y19980002244
1518999994232311   000000 000000 U   00042500000042500000026390000029810000003420007014000160250EA7000344                                                                                                                                                                                                6 E INDIANA AVE C7G      231110195120175223091823101700007  2000010                            000000000000000000000000000                       000000000000000000000000000                       000000000000000000000000000                       000000000000000000000000000                       000000000000000000000000000C000723 2 000000000    000000 Y Y19600000572
1518999994232406   000000 000000 U   00160000000160000000094560000112690000018130007043003283500E 7010848                                                                                                                                                                                                101 E SAIL BOAT DRIVE    240607196800177724043024051300012  2400002                            000000000000000000000000000                       000000000000000000000000000                       000000000000000000000000000                       000000000000000000000000000                       000000000000000000000000000     24 2 000000000    000000   Y19600001584
1518999994232406   000000 000000 U   00140000000140000000079200000098760000019560007054002841500E 7010882                                                                                                                                                                                                5300 WEST AVE            240607196840026124040924051600001  1200004                            000000000000000000000000000                       000000000000000000000000000                       000000000000000000000000000                       000000000000000000000000000                       000000000000000000000000000     24 2 000000000    000000   Y19540001240
1518999994232310   000000 000000 U   00099994900099994900060000000070790000010790007079000467500EA6996187                                                                                                                                                                                                4 E JEROME AVE           231020194510095423062823080700011  2900018                            000000000000000000000000000                       000000000000000000000000000                       000000000000000000000000000                       000000000000000000000000000                       000000000000000000000000000     23 2 000000000    000000   Y19460000847
1518999994232310   000000 000000 U   00120000000120000000064980000085310000020330007109002399500E 6995819                                                                                                                                                                                                110 W 18TH STREET        231020194450135523062423080100004  2800007                            000000000000000000000000000                       000000000000000000000000000                       000000000000000000000000000                       000000000000000000000000000                       000000000000000000000000000     23 2 000000000    000000   Y19500002024
1518999994232406   000000 000000 U   00445000000445000000090000000317540000227540007136009582000ED7011041                                                                                                                                                                                                197 NAUTILUS DRIVE       240614196900128624050624052300020  8400013                            000000000000000000000000000                       000000000000000000000000000                       000000000000000000000000000                       000000000000000000000000000                       000000000000000000000000000     24 2 000000000    000000   Y20230004152
1518999994232403   000000 000000 U   00099999900099999900054800000071550000016750007155000467500EA7007161                                                                                                                                                                                                13 E JEANETTE AVE        240329196200076324021524030400014  1300006                            000000000000000000000000000                       000000000000000000000000000                       000000000000000000000000000                       000000000000000000000000000                       000000000000000000000000000     24 2 000000000    000000   Y19400001520
1518999994232401   000000 000000 U   00099990000099990000056500000071790000015290007180000957500E 7003626                                                                                                                                                                                                110 W PENNSYLVANIA AVE   240119195680127023121423122600007  0800015                            000000000000000000000000000                       000000000000000000000000000                       000000000000000000000000000                       000000000000000000000000000                       000000000000000000000000000     23 2 000000000    000000   Y19800001056
1518999994232310   000000 000000 U   00115000000115000000048150000082610000034460007183001719500EA6997823                                                                                                                                                                                                25 W JULIA AVE           231020194700082223080723082800001  5000001                            000000000000000000000000000                       000000000000000000000000000                       000000000000000000000000000                       000000000000000000000000000                       000000000000000000000000000     23 2 000000000    000000   Y19930001496
1518999994232407   000000 000000 U   00850000000850000000270000000614900000344900007234018532500E 7012322                                                                                                                                                                                                1027C LONG BEACH BLVD    240712197130074124050624061900018  2700003                            000000000000000000000000000                       000000000000000000000000000                       000000000000000000000000000                       000000000000000000000000000                       000000000000000000000000000     24 2 000000000    000000   Y20220007189
1518999994232310   000000 000000 U   00185500000185500000082500000135390000052890007299002903900EA6995815                                                                                                                                                                                                121 E INDIANA AVE        231020194420092323071523072700007  2600006                            000000000000000000000000000                       000000000000000000000000000                       000000000000000000000000000                       000000000000000000000000000                       000000000000000000000000000     23 2 000000000    000000   Y19940002400
1518999994232403   000000 000000 U   00212500000212500000060380000155190000094810007303004443750E 7007168                                                                                                                                                                                                2 E TENNESSEE AVENUE     240329196240186124021424030700010  2500013                            000000000000000000000000000                       000000000000000000000000000                       000000000000000000000000000                       000000000000000000000000000                       000000000000000000000000000     24 2 000000000    000000   Y20050003501
1518999994232404   000000 000000 U   00146250000146250000085730000107270000021540007335002979625E 7007509                                                                                                                                                                                                5 E 42ND STREET          240405196300100624022624031400015 11300002                            000000000000000000000000000                       000000000000000000000000000                       000000000000000000000000000                       000000000000000000000000000                       000000000000000000000000000     24 2 000000000    000000   Y19460002193
1518999994232405   000000 000000 U   00240000000240000000093750000178450000084700007435005051500E 7009431                                                                                                                                                                                                11 E 35TH STREET         240510196640154824040924042300015 13700001  05                        000000000000000000000000000                       000000000000000000000000000                       000000000000000000000000000                       000000000000000000000000000                       000000000000000000000000000     24 2 000000000    000000   Y20050003120
1518999994232312   000000 000000 U   00150000000150000000093750000111940000018190007463002307500EA7001883                                                                                                                                                                                                16 E WYOMING AVE         231208195290143923102723110600010  1400008                            000000000000000000000000000                       000000000000000000000000000                       000000000000000000000000000                       000000000000000000000000000                       000000000000000000000000000     23 2 000000000   R240409   Y19550001704
1518999994232401   000000 000000 U   00090000000090000000051840000067180000015340007464000841500E 7003624                                                                                                                                                                                                6110 LONG BEACH BLVD     240119195680069123121323122600015  3800016                            000000000000000000000000000                       000000000000000000000000000                       000000000000000000000000000                       000000000000000000000000000                       000000000000000000000000000     23 2 000000000    000000   Y19640001568
1518999994232404   000000 000000 U   00259900000259900000161500000194330000032830007477005491290E 7008078                                                                                                                                                                                                1012F LONG BEACH BLVD    240419196380197724031824032500018  1200006                            000000000000000000000000000                       000000000000000000000000000                       000000000000000000000000000                       000000000000000000000000000                       000000000000000000000000000     24 2 000000000    000000   Y19800002055
1518999994232311   000000 000000 U   00355000000355000000128070000265710000137640007485007593000E 7001306                                                                                                                                                                                                24 HIDEAWAY DRIVE        231201195230000123102123102700011  0400001  15                        000000000000000000000000000                       000000000000000000000000000                       000000000000000000000000000                       000000000000000000000000000                       000000000000000000000000000     23 2 000000000    000000   Y20030004529
1518999994232312   000000 000000 U   00096500000096500000063000000072600000009600007523000916900E 7002009                                                                                                                                                                                                1910 BEACH AVE           231208195380067023101123111500004  4200012                            000000000000000000000000000                       000000000000000000000000000                       000000000000000000000000000                       000000000000000000000000000                       000000000000000000000000000     23 2 000000000    000000   Y19490001294
1518999994232310   000000 000000 U   00084000000084000000015750000063420000047670007550000772900E 6999010                                                                                                                                                                                                8701 LONG BEACH BLVD U-B 231020194780159223082223090700013  0200001                            000000000000000000000000000                       000000000000000000000000000                       000000000000000000000000000                       000000000000000000000000000                       000000000000000000000000000C000223 2 000000000    000000 Y Y20060001515
1518999994232312   000000 000000 U   00240000000240000000123360000182250000058890007594005051500E 7001884                                                                                                                                                                                                48 W JEROME AVE          231208195290188823102623110600011  2800001  28                        000000000000000000000000000                       000000000000000000000000000                       000000000000000000000000000                       000000000000000000000000000                       000000000000000000000000000     23 2 000000000    000000   Y19960002769
1518999994232403   000000 000000 U   00310000000310000000090000000237100000147100007648006598500E 7007158                                                                                                                                                                                                225 OCEANA DRIVE         240329196190020224020824030100020  9000005                            000000000000000000000000000                       000000000000000000000000000                       000000000000000000000000000                       000000000000000000000000000                       000000000000000000000000000     24 2 000000000   R240409   Y20070003982
1518999994232406   000000 000000 U   00720000000720000000318000000555840000237840007720015659500E 7011039                                                                                                                                                                                                59D LONG BEACH BLVD      240614196900008424050924052300020  6600004                            000000000000000000000000000                       000000000000000000000000000                       000000000000000000000000000                       000000000000000000000000000                       000000000000000000000000000     24 2 000000000    000000   Y20230004244
1518999994232402   000000 000000 U   00099900000099900000068400000078670000010270007875000956340E 7004710                                                                                                                                                                                                2614 ATLANTIC AVE        240202195760044624010224010500006  0400008  02                        000000000000000000000000000                       000000000000000000000000000                       000000000000000000000000000                       000000000000000000000000000                       000000000000000000000000000     24 2 000000000    000000   Y19740000864
1518999994232407   000000 000000 U   00099500000099500000064980000078770000013790007917000951700E 7012134                                                                                                                                                                                                20 W 20TH STREET         240705197080050224050124061300004  4100007                            000000000000000000000000000                       000000000000000000000000000                       000000000000000000000000000                       000000000000000000000000000                       000000000000000000000000000     24 2 000000000    000000   Y19600001140
1518999994232310   000000 000000 U   00225000000225000000063750000178270000114520007923004720000E 6999008                                                                                                                                                                                                9000 BEACH AVE           231020194780145123083023090700012  1700011                            000000000000000000000000000                       000000000000000000000000000                       000000000000000000000000000                       000000000000000000000000000                       000000000000000000000000000     23 2 000000000    000000   Y20220002880
1518999994232310   000000 000000 U   00099500000099500000065100000084940000019840008537000464350EA6997824                                                                                                                                                                                                3 E RAMAPO LANE          231020194700117823082323082800008  2100001                            000000000000000000000000000                       000000000000000000000000000                       000000000000000000000000000                       000000000000000000000000000                       000000000000000000000000000     23 2 000000000    000000   Y19650002055
1518999994232402   000000 000000 U   00120000000120000000096430000104120000007690008677002399500E 7005625                                                                                                                                                                                                1805 ATLANTIC AVE        240301195950138324011824020100004  3800016                            000000000000000000000000000                       000000000000000000000000000                       000000000000000000000000000                       000000000000000000000000000                       000000000000000000000000000     24 2 00000000010 R240305   Y19500001124
1518999994232402   000000 000000 U   00172500000172500000060000000152180000092180008822003559750E 7005098                                                                                                                                                                                                13600 LONG BEACH BLVD    240216195870166723121924012200006  2600001  02                        000000000000000000000000000                       000000000000000000000000000                       000000000000000000000000000                       000000000000000000000000000                       000000000000000000000000000     23 2 000000000    000000   Y20220002593
1518999994232404   000000 000000 U   00269900000269900000209950000244990000035040009077005712290E 7008076                                                                                                                                                                                                207 E 25TH STREET        240419196370073124030724032200005  2500003  01                        000000000000000000000000000                       000000000000000000000000000                       000000000000000000000000000                       000000000000000000000000000                       000000000000000000000000000     24 2 000000000    000000   Y19880001848
1518999994232406   000000 000000 U   00675000000675000000425000000618360000193360009161014665000E 7010982                                                                                                                                                                                                19B LONG BEACH BLVD      240614196840010324050824051600020  1900001  02                        000000000000000000000000000                       000000000000000000000000000                       000000000000000000000000000                       000000000000000000000000000                       000000000000000000000000000     24 2 000000000    000000   Y20010004751
1518999994232404   000000 000000 U   00690000000690000000270000000634520000364520009196014996500ED7007734                                                                                                                                                                                                1035C LONG BEACH BLVD    240412196360010724022924032000018  3500003                            000000000000000000000000000                       000000000000000000000000000                       000000000000000000000000000                       000000000000000000000000000                       000000000000000000000000000     24 2 000000000    000000   Y20220006307
1518999994232310   000000 000000 U   00125000000125000000058850000121540000062690009723002510000E 6999017                                                                                                                                                                                                5111 WEST AVE            231020194810164723082323091100001  1900001  02                        000000000000000000000000000                       000000000000000000000000000                       000000000000000000000000000                       000000000000000000000000000                       000000000000000000000000000     23 2 000000000   R240315   Y20070002614
1518999994232312   000000 000000 U   00535000000535000000424800001193430000768630022307011571000E 7002082                                                                                                                                                                                                67D LONG BEACH BLVD      231215195330170523101923110900020  7100001  04                        000000000000000000000000000                       000000000000000000000000000                       000000000000000000000000000                       000000000000000000000000000                       000000000000000000000000000     23 2 000000000   R231222   Y19990009006
1518999994232310   000000 000000 N04 00920000000920000000308850000533580000224730000000000000000 E6997040                                                                                                                                                                                                2600 LONG BEACH BLVD     231020194630136723051823081800005  2600001    X00006  0100001         001204700000564800001769500                       000000000000000000000000000                       000000000000000000000000000                       000000000000000000000000000                       000000000000000000000000000     23 4A53000000004 R231102   Y00000000000
1518999994232401   000000 000000 N01 00000000100000000100055200000068660000013460000000000000000 E7003900                                                                                                                                                                                                11710 LONG BEACH BLVD    240119195690057923121823122700010  1300006                            000000000000000000000000000                       000000000000000000000000000                       000000000000000000000000000                       000000000000000000000000000                       000000000000000000000000000     23 4A56000000001  000000   Y19600001936
1518999994232404   000000 000000 N08 00080000000080000000133760000164390000030630000000000730500E 7007439                                                                                                                                                                                                128 W OSBORN AVE         240405196290015224020224031300001  8400001                            000000000000000000000000000                       000000000000000000000000000                       000000000000000000000000000                       000000000000000000000000000                       000000000000000000000000000     24 4A51000000008 R240409   Y19730001456
1518999994232311   000000 000000 U   00120000000120000000057600000066570000008970005548002399500E 7001148                                                                                                                                                                                                11902 LONG BEACH BLVD    231201195150198423101223102000010  0600009                            000000000000000000000000000                       000000000000000000000000000                       000000000000000000000000000                       000000000000000000000000000                       000000000000000000000000000     23 4A738000000   R231207   Y00000000000
1518999994232407   000000 000000 U   00088000000088000000048000000061430000013430006981000818300E 7012739                                                                                                                                                                                                12010 LONG BEACH BLVD    240724197200114724052224062700008  1700015                            000000000000000000000000000                       000000000000000000000000000                       000000000000000000000000000                       000000000000000000000000000                       000000000000000000000000000     24 4A641000000   R240730   Y00000000038
1529999994232312   000000 000000 N25 00000000100000000100036580000036580000000000000000000000000 E7001996                                                                                                                                                                                                267 W 9TH ST             231208195390105123102023111600104    00011                            000000000000000000000000000                       000000000000000000000000000                       000000000000000000000000000                       000000000000000000000000000                       000000000000000000000000000     23 1 00000000025  000000   Y00000000000
1529999994232312   000000 000000 N25 00000000100000000100042670000042670000000000000000000000000 E7001998                                                                                                                                                                                                274 W 8TH ST             231208195390106523102023111600104    00012                            000000000000000000000000000                       000000000000000000000000000                       000000000000000000000000000                       000000000000000000000000000                       000000000000000000000000000     23 1 00000000025  000000   Y00000000000
1529999994232401   000000 000000 N25 00000000100000000100041080000041080000000000000000000000000 E7003877                                                                                                                                                                                                2003 E BAY TERRACE       240119195700132023122223122800042    00003                            000000000000000000000000000                       000000000000000000000000000                       000000000000000000000000000                       000000000000000000000000000                       000000000000000000000000000     23 1 00000000025  000000   Y00000000000
1529999994232403   000000 000000 N07 00235000000235000000044550000044550000000000000000004941000E 7006203                                                                                                                                                                                                111 E 29TH ST            240308196100190324011824022100019    00018                            000000000000000000000000000                       000000000000000000000000000                       000000000000000000000000000                       000000000000000000000000000                       000000000000000000000000000     24 1 00000000007 R240312   Y20240002426
1529999994232402   000000 000000 U   00030000000030000000024070000024070000000000008023000171500E 7004900                                                                                                                                                                                                307 DREXEL RD            240209195830139824010924011600133    00003                            000000000000000000000000000                       000000000000000000000000000                       000000000000000000000000000                       000000000000000000000000000                       000000000000000000000000000     24 1 000000000   R240216   Y00000000000
1529999994232310   000000 000000 N25 00000000100000000100048300000064240000015940000000000000000 E6995436                                                                                                                                                                                                113 E 21ST ST            231020194220122023061523070600045    00019                            000000000000000000000000000                       000000000000000000000000000                       000000000000000000000000000                       000000000000000000000000000                       000000000000000000000000000     23 2 00000000025  000000   Y19400001676
1529999994232310   000000 000000 N25 00000000100000000100037440000062730000025290000000000000000 E6995437                                                                                                                                                                                                1001 OCEAN 2ND FLR #C1019231020194250086723070623070700096    00001  01                        000000000000000000000000000                       000000000000000000000000000                       000000000000000000000000000                       000000000000000000000000000                       000000000000000000000000000C101923 2 00000000025  000000   Y19870001239
1529999994232310   000000 000000 N05 00000000100000000100036000000055760000019760000000000000000 E6995438                                                                                                                                                                                                235 W 21ST ST            231020194260069122100723071000043    00030                            000000000000000000000000000                       000000000000000000000000000                       000000000000000000000000000                       000000000000000000000000000                       000000000000000000000000000     22 2 00000000025  000000   Y19650002006
1529999994232310   000000 000000 N25 00000010000000010000035000000055440000020440000000000000000 E6995442                                                                                                                                                                                                242 W 14TH ST            231020194380045123051823072100074    00011                            000000000000000000000000000                       000000000000000000000000000                       000000000000000000000000000                       000000000000000000000000000                       000000000000000000000000000     23 2 00000000025  000000   Y19690002024
1529999994232310   000000 000000 N25 00000000100000000100056000000064170000008170000000000000000 E6995864                                                                                                                                                                                                123 E 5TH ST             231020194440195623050223073100130    00021                            000000000000000000000000000                       000000000000000000000000000                       000000000000000000000000000                       000000000000000000000000000                       000000000000000000000000000     23 2 00000000025  000000   Y19300000880
1529999994232310   000000 000000 N25 00000000100000000100064000000094200000030200000000000000000 E6995865                                                                                                                                                                                                128 E 15TH ST            231020194450132723060223080100067    00003                            000000000000000000000000000                       000000000000000000000000000                       000000000000000000000000000                       000000000000000000000000000                       000000000000000000000000000C.A  23 2 00000000025  000000 Y Y20000002132
1529999994232310   000000 000000 N25 00000000100000000100044550000068150000023600000000000000000 E6995867                                                                                                                                                                                                103 E 31ST ST            231020194490147423072523080300017    00013  01                        000000000000000000000000000                       000000000000000000000000000                       000000000000000000000000000                       000000000000000000000000000                       000000000000000000000000000     23 2 00000000025  000000   Y19450002044
1529999994232310   000000 000000 N25 00000000100000000100048000000057970000009970000000000000000 E6996363                                                                                                                                                                                                119 E 13TH ST            231020194530136623080723080800086    00018                            000000000000000000000000000                       000000000000000000000000000                       000000000000000000000000000                       000000000000000000000000000                       000000000000000000000000000     23 2 00000000025  000000   Y19250000948
1529999994232310   000000 000000 N20 00000000100000000100048000000057970000009970000000000000000 E6996364                                                                                                                                                                                                119 E 13TH ST            231020194540049523080823080800086    00018                            000000000000000000000000000                       000000000000000000000000000                       000000000000000000000000000                       000000000000000000000000000                       000000000000000000000000000     23 2 00000000020  000000   Y19250000948
1529999994232310   000000 000000 N25 00000000100000000100033020000044430000011410000000000000000 E6996518                                                                                                                                                                                                113 E SHIP BOTTOM AVE    231020194550144223070723081000022    00001                            000000000000000000000000000                       000000000000000000000000000                       000000000000000000000000000                       000000000000000000000000000                       000000000000000000000000000     23 2 00000000025  000000   Y19210001238
1529999994232310   000000 000000 N25 00000000100000000100032500000045790000013290000000000000000 E6997344                                                                                                                                                                                                261 W 17TH ST            231020194660135723071223082300064    00025                            000000000000000000000000000                       000000000000000000000000000                       000000000000000000000000000                       000000000000000000000000000                       000000000000000000000000000     23 2 00000000025  000000   Y19660001360
1529999994232310   000000 000000 N25 00000000000000000000027010000046830000019820000000000000000 E6997345                                                                                                                                                                                                1908 CENTRAL AVE         231020194680048123082123082400047    00009                            000000000000000000000000000                       000000000000000000000000000                       000000000000000000000000000                       000000000000000000000000000                       000000000000000000000000000     23 2 00000000025  000000   Y19500001120
1529999994232310   000000 000000 N25 00000000100000000100034300000045100000010800000000000000000 E6997889                                                                                                                                                                                                234 W 10TH ST            231020194710010723081823082900094    00010                            000000000000000000000000000                       000000000000000000000000000                       000000000000000000000000000                       000000000000000000000000000                       000000000000000000000000000     23 2 00000000025  000000   Y19500000842
1529999994232310   000000 000000 N25 00000000100000000100039440000059840000020400000000000000000 E6997890                                                                                                                                                                                                1001 OCEAN 1ST FLR #C1017231020194710092523082123082900096    00001  01                        000000000000000000000000000                       000000000000000000000000000                       000000000000000000000000000                       000000000000000000000000000                       000000000000000000000000000C101723 2 00000000025  000000   Y19870001239
1529999994232310   000000 000000 N01 00072500000072500000029000000044360000015360000000000000000 E6997891                                                                                                                                                                                                216 W 21ST ST            231020194730067823081823083000040    00010                            000000000000000000000000000                       000000000000000000000000000                       000000000000000000000000000                       000000000000000000000000000                       000000000000000000000000000     23 2 00000000001 R231031   Y19320001240
1529999994232310   000000 000000 N25 00000010000000010000016680000023420000006740000000000000000 E6998414                                                                                                                                                                                                105 W 25TH ST            231020194750166723081423090500028    00014                            000000000000000000000000000                       000000000000000000000000000                       000000000000000000000000000                       000000000000000000000000000                       000000000000000000000000000     23 2 00000000025  000000   Y19300000720
1529999994232310   000000 000000 N25 00000000100000000100035000000048040000013040000000000000000 E6998814                                                                                                                                                                                                232 W 15TH ST            231020194860051623090823091500069    00012                            000000000000000000000000000                       000000000000000000000000000                       000000000000000000000000000                       000000000000000000000000000                       000000000000000000000000000     23 2 00000000025  000000   Y19560001224
1529999994232310   000000 000000 N25 00000000100000000100024070000033340000009270000000000000000 E6999521                                                                                                                                                                                                319 DREXEL RD            231020194980135823092723092900133    00001                            000000000000000000000000000                       000000000000000000000000000                       000000000000000000000000000                       000000000000000000000000000                       000000000000000000000000000     23 2 00000000025  000000   Y19300001344
1529999994232310   000000 000000 N25 00000000100000000100035000000059570000024570000000000000000 E6999587                                                                                                                                                                                                248 W 15TH ST            231020195010147823060723100300069    00015                            000000000000000000000000000                       000000000000000000000000000                       000000000000000000000000000                       000000000000000000000000000                       000000000000000000000000000     23 2 00000000025  000000   Y19600002210
1529999994232310   000000 000000 N25 00000001000000001000034300000050620000016320000000000000000 E7000070                                                                                                                                                                                                315 W 15TH ST            231027195040144323080123100600073    00019                            000000000000000000000000000                       000000000000000000000000000                       000000000000000000000000000                       000000000000000000000000000                       000000000000000000000000000     23 2 00000000025  000000   Y19550001328
1529999994232310   000000 000000 N07 00135000000135000000032500000057720000025220000000002731000E 7000072                                                                                                                                                                                                220 W 4TH ST             231027195060004723092823101000126    00007                            000000000000000000000000000                       000000000000000000000000000                       000000000000000000000000000                       000000000000000000000000000                       000000000000000000000000000     23 2 00000000007 R231102   Y19710001824
1529999994232311   000000 000000 N07 00190000000190000000033800000117860000084060000000003946500E 7000710                                                                                                                                                                                                303 W 4TH ST             231110195150196123101223102000136    00002                            000000000000000000000000000                       000000000000000000000000000                       000000000000000000000000000                       000000000000000000000000000                       000000000000000000000000000     23 2 00000000007 R231116   Y20220002445
1529999994232311   000000 000000 N25 00000000100000000100044590000069280000024690000000000000000 E7000816                                                                                                                                                                                                615 BARNEGAT AVE         231117195210011523102023102600113    00001                            000000000000000000000000000                       000000000000000000000000000                       000000000000000000000000000                       000000000000000000000000000                       000000000000000000000000000     23 2 00000000025  000000   Y19550001584
1529999994232311   000000 000000 N25 00000000100000000100038070000064910000026840000000000000000 E7001398                                                                                                                                                                                                107 E 30TH ST            231201195220035123101823102700018    00016                            000000000000000000000000000                       000000000000000000000000000                       000000000000000000000000000                       000000000000000000000000000                       000000000000000000000000000     23 2 00000000025  000000   Y19950002084
1529999994232311   000000 000000 N25 00000000100000000100057200000072990000015790000000000000000 E7001401                                                                                                                                                                                                324 W 13TH ST            231201195270177923101823110200083    00009                            000000000000000000000000000                       000000000000000000000000000                       000000000000000000000000000                       000000000000000000000000000                       000000000000000000000000000     23 2 00000000025  000000   Y19660001248
1529999994232311   000000 000000 N07 00207500000207500000035000000054260000019260000000004333250E 7001402                                                                                                                                                                                                321 W 16TH ST            231201195290039923102323110300070    00015                            000000000000000000000000000                       000000000000000000000000000                       000000000000000000000000000                       000000000000000000000000000                       000000000000000000000000000     23 2 00000000007 R231205   Y20230000000
1529999994232312   000000 000000 N25 00000000100000000100032500000057350000024850000000000000000 E7001859                                                                                                                                                                                                328 W 6TH ST             231208195370112023110923111400113    00004  01                        000000000000000000000000000                       000000000000000000000000000                       000000000000000000000000000                       000000000000000000000000000                       000000000000000000000000000     23 2 00000000025  000000   Y19880001152
1529999994232312   000000 000000 N25 00000000100000000100021000000027300000006300000000000000000 E7002260                                                                                                                                                                                                131 E 23RD ST #1 FRT     231222195430083923070623112100037    00019                            000000000000000000000000000                       000000000000000000000000000                       000000000000000000000000000                       000000000000000000000000000                       000000000000000000000000000C.1  23 2 00000000025  000000 Y Y19500000696
1529999994232312   000000 000000 N10 00190000000190000000033800000117860000084060000000000000000 E7002261                                                                                                                                                                                                303 W 4TH ST             231222195450112323101223112400136    00002                            000000000000000000000000000                       000000000000000000000000000                       000000000000000000000000000                       000000000000000000000000000                       000000000000000000000000000     23 2 00000000026 R240102 Y Y20220002445
1529999994232312   000000 000000 N25 00000000100000000100047000000053850000006850000000000000000 E7002262                                                                                                                                                                                                112 E 24TH ST            231222195450114923103023112400029    00010                            000000000000000000000000000                       000000000000000000000000000                       000000000000000000000000000                       000000000000000000000000000                       000000000000000000000000000     23 2 00000000025  000000   Y19300000572
1529999994232401   000000 000000 N25 00000000100000000100016680000025150000008470000000000000000 E7003221                                                                                                                                                                                                106 W 23RD ST            240112195590178623102423121300031    00003                            000000000000000000000000000                       000000000000000000000000000                       000000000000000000000000000                       000000000000000000000000000                       000000000000000000000000000     23 2 00000000025  000000   Y19150000936
1529999994232401   000000 000000 N25 00000000100000000100100990000223020000122030000000000000000 E7003452                                                                                                                                                                                                503 OCEAN AVE            240112195620187523121123121800117    00003                            000000000000000000000000000                       000000000000000000000000000                       000000000000000000000000000                       000000000000000000000000000                       000000000000000000000000000     23 2 00000000025  000000   Y20210002754
1529999994232401   000000 000000 N25 00000000100000000100044590000069280000024690000000000000000 E7003541                                                                                                                                                                                                615 BARNEGAT AVE         240112195680079823120723122600113    00001                            000000000000000000000000000                       000000000000000000000000000                       000000000000000000000000000                       000000000000000000000000000                       000000000000000000000000000     23 2 00000000025  000000   Y19550001584
1529999994232401   000000 000000 N25 00000000100000000100073600000096740000023140000000000000000 E7003972                                                                                                                                                                                                125 E 19TH ST            240126195720187423122824010200056    00021                            000000000000000000000000000                       000000000000000000000000000                       000000000000000000000000000                       000000000000000000000000000                       000000000000000000000000000     23 2 00000000025  000000   Y19500002256
1529999994232401   000000 000000 N25 00000000100000000100010620000019310000008690000000000000000 E7003973                                                                                                                                                                                                2708 BLVD UNIT #4        240126195730045423122624010200020    00015                            000000000000000000000000000                       000000000000000000000000000                       000000000000000000000000000                       000000000000000000000000000                       000000000000000000000000000C.04 23 2 00000000025  000000 Y Y19300000520
1529999994232401   000000 000000 N25 00000000100000000100058010000080120000022110000000000000000 E7004199                                                                                                                                                                                                212 W 28TH ST            240126195740197323121324010400008    00003                            000000000000000000000000000                       000000000000000000000000000                       000000000000000000000000000                       000000000000000000000000000                       000000000000000000000000000     23 2 00000000025  000000   Y19300001716
1529999994232401   000000 000000 N01 00110000000110000000027790000065360000037570000000000000000 E7004336                                                                                                                                                                                                246 W 7TH ST             240126195760190523121824010500109    00010  02                        000000000000000000000000000                       000000000000000000000000000                       000000000000000000000000000                       000000000000000000000000000                       000000000000000000000000000     23 2 00000000001 R240202   Y20180002012
1529999994232402   000000 000000 N25 00000000100000000100102600000134880000032280000000000000000 E7005082                                                                                                                                                                                                140 E 27TH ST            240216195900041323122324012500020    00002                            000000000000000000000000000                       000000000000000000000000000                       000000000000000000000000000                       000000000000000000000000000                       000000000000000000000000000     23 2 00000000025  000000   Y19450001335
1529999994232403   000000 000000 N25 00000000100000000100039000000052700000013700000000000000000 E7006201                                                                                                                                                                                                123 E 17TH ST C17.01     240308196070079423122924021500066    00017  01                        000000000000000000000000000                       000000000000000000000000000                       000000000000000000000000000                       000000000000000000000000000                       000000000000000000000000000     23 2 00000000025  000000 Y Y19400000780
1529999994232403   000000 000000 N25 00000000100000000100054880000075520000020640000000000000000 E7006691                                                                                                                                                                                                345 W 11TH ST            240315196110165624011624022100093    00022                            000000000000000000000000000                       000000000000000000000000000                       000000000000000000000000000                       000000000000000000000000000                       000000000000000000000000000     24 2 00000000025  000000   Y19600002075
1529999994232403   000000 000000 N25 00000001000000001000053040000071890000018850000000000000000 E7006693                                                                                                                                                                                                312 W 19TH ST            240315196150198424022024022700050    00003                            000000000000000000000000000                       000000000000000000000000000                       000000000000000000000000000                       000000000000000000000000000                       000000000000000000000000000     24 2 00000000025  000000   Y19400001596
1529999994232403   000000 000000 N25 00000000100000000100026680000060660000033980000000000000000 E7006694                                                                                                                                                                                                201 W 15TH ST            240315196160160924012624022800074    00001                            000000000000000000000000000                       000000000000000000000000000                       000000000000000000000000000                       000000000000000000000000000                       000000000000000000000000000     24 2 00000000025  000000   Y20160001638
1529999994232403   000000 000000 N25 00000000000000000000032590000050600000018010000000000000000 E7006780                                                                                                                                                                                                351 W 10TH ST            240315196180175824021424022900100    00016                            000000000000000000000000000                       000000000000000000000000000                       000000000000000000000000000                       000000000000000000000000000                       000000000000000000000000000     24 2 00000000025  000000   Y19710001901
1529999994232403   000000 000000 N06 00070000000070000000054880000075520000020640000000000624500E 7006924                                                                                                                                                                                                345 W 11TH ST            240322196190022424011624030100093    00022                            000000000000000000000000000                       000000000000000000000000000                       000000000000000000000000000                       000000000000000000000000000                       000000000000000000000000000     24 2 00000000006 R240326   Y19600002075
1529999994232403   000000 000000 N06 00070000000070000000054880000075520000020640000000000624500E 7006925                                                                                                                                                                                                345 W 11TH ST            240322196190035924011624030100093    00022                            000000000000000000000000000                       000000000000000000000000000                       000000000000000000000000000                       000000000000000000000000000                       000000000000000000000000000     24 2 00000000006 R240326   Y19600002075
1529999994232403   000000 000000 N25 00000000100000000100026680000038550000011870000000000000000 E7007345                                                                                                                                                                                                1806 BAY TERRACE         240329196270107924022924031200053    00011                            000000000000000000000000000                       000000000000000000000000000                       000000000000000000000000000                       000000000000000000000000000                       000000000000000000000000000     24 2 00000000025  000000   Y19290000882
1529999994232403   000000 000000 N25 00000000100000000100015340000021400000006060000000000000000 E7007346                                                                                                                                                                                                1810 BAY TERRACE         240329196270108424022924031200053    00012                            000000000000000000000000000                       000000000000000000000000000                       000000000000000000000000000                       000000000000000000000000000                       000000000000000000000000000     24 2 00000000025  000000   Y19250000516
1529999994232404   000000 000000 N25 00000000100000000100037500000054670000017170000000000000000 E7007542                                                                                                                                                                                                101 W 9TH ST UNIT 107    240405196320093923102524031800105    00001  01                        000000000000000000000000000                       000000000000000000000000000                       000000000000000000000000000                       000000000000000000000000000                       000000000000000000000000000C.10723 2 00000000025  000000 Y Y20180001300
1529999994232404   000000 000000 N25 00000000100000000100060000000071050000011050000000000000000 E7007543                                                                                                                                                                                                126 E 3RD ST             240405196330038823072524031800131    00005                            000000000000000000000000000                       000000000000000000000000000                       000000000000000000000000000                       000000000000000000000000000                       000000000000000000000000000     23 2 00000000025  000000   Y19600000990
1529999994232404   000000 000000 N25 00000000100000000100037500000059940000022440000000000000000 E7008004                                                                                                                                                                                                101 W 9TH ST UNIT 208    240419196400034924030924032600105    00001  01                        000000000000000000000000000                       000000000000000000000000000                       000000000000000000000000000                       000000000000000000000000000                       000000000000000000000000000C.20824 2 00000000025  000000 Y Y20180001300
1529999994232404   000000 000000 N25 00000000100000000100045000000071490000026490000000000000000 E7008680                                                                                                                                                                                                104 E 14TH ST            240426196520098124040324040900076    00012  01                        000000000000000000000000000                       000000000000000000000000000                       000000000000000000000000000                       000000000000000000000000000                       000000000000000000000000000     24 2 00000000025  000000   Y19350001676
1529999994232405   000000 000000 N25 00000000100000000100057200000064500000007300000000000000000 E7009512                                                                                                                                                                                                312 W 13TH ST            240510196670088524041924042600083    00011                            000000000000000000000000000                       000000000000000000000000000                       000000000000000000000000000                       000000000000000000000000000                       000000000000000000000000000     24 2 00000000025  000000   Y19630000912
1529999994232405   000000 000000 N25 00000000100000000100036000000070630000034630000000000000000 E7009865                                                                                                                                                                                                255 W 17TH ST            240517196720131324041824050300064    00026                            000000000000000000000000000                       000000000000000000000000000                       000000000000000000000000000                       000000000000000000000000000                       000000000000000000000000000     24 2 00000000025  000000   Y20140002136
1529999994232405   000000 000000 N25 00000000100000000100012330000021780000009450000000000000000 E7010206                                                                                                                                                                                                2708 BLVD UNIT #1        240524196750051324042524050700020    00015                            000000000000000000000000000                       000000000000000000000000000                       000000000000000000000000000                       000000000000000000000000000                       000000000000000000000000000C.01 24 2 00000000025  000000 Y Y19300000620
1529999994232405   000000 000000 N25 00000000100000000100054000000074680000020680000000000000000 E7010447                                                                                                                                                                                                119 E 12TH ST            240531196800046324050624051300087    00016                            000000000000000000000000000                       000000000000000000000000000                       000000000000000000000000000                       000000000000000000000000000                       000000000000000000000000000     24 2 00000000025  000000   Y19680002128
1529999994232405   000000 000000 N25 00000000100000000100039000000051980000012980000000000000000 E7010448                                                                                                                                                                                                123 E 17TH ST C17.02     240531196820122924050124051500066    00017  02                        000000000000000000000000000                       000000000000000000000000000                       000000000000000000000000000                       000000000000000000000000000                       000000000000000000000000000     24 2 00000000025  000000 Y Y19400000780
1529999994232405   000000 000000 N25 00000000100000000100029100000060300000031200000000000000000 E7010626                                                                                                                                                                                                2810 BLVD                240531196800061524042424051300019    00013                            000000000000000000000000000                       000000000000000000000000000                       000000000000000000000000000                       000000000000000000000000000                       000000000000000000000000000     24 2 00000000025  000000   Y20150001120
1529999994232406   000000 000000 N25 00000000100000000100060000000066650000006650000000000000000 E7010751                                                                                                                                                                                                134 E 23RD ST            240607196870145324051624052100030    00004                            000000000000000000000000000                       000000000000000000000000000                       000000000000000000000000000                       000000000000000000000000000                       000000000000000000000000000     24 2 00000000025  000000   Y19200000962
1529999994232406   000000 000000 N25 00000000100000000100035500000072410000036910000000000000000 E7010944                                                                                                                                                                                                129 W 7TH ST             240614196910131124052324052400115    00010  01                        000000000000000000000000000                       000000000000000000000000000                       000000000000000000000000000                       000000000000000000000000000                       000000000000000000000000000     24 2 00000000025  000000   Y20010002272
1529999994232406   000000 000000 N25 00000001000000001000054810000065030000010220000000000000000 E7011576                                                                                                                                                                                                128 E 27TH ST            240628196980049124052124060300020    00005                            000000000000000000000000000                       000000000000000000000000000                       000000000000000000000000000                       000000000000000000000000000                       000000000000000000000000000     24 2 00000000025  000000   Y19230001198
1529999994232407   000000 000000 N25 00000000100000000100034300000049870000015570000000000000000 E7012050                                                                                                                                                                                                203 W 11TH ST            240705197050046324060724061000094    00030  01                        000000000000000000000000000                       000000000000000000000000000                       000000000000000000000000000                       000000000000000000000000000                       000000000000000000000000000     24 2 00000000025  000000   Y19850001452
1529999994232407   000000 000000 N25 00000000100000000100029840000047930000018090000000000000000 E7012051                                                                                                                                                                                                251 W 14TH ST            240705197050183524060424061100079    00034                            000000000000000000000000000                       000000000000000000000000000                       000000000000000000000000000                       000000000000000000000000000                       000000000000000000000000000     24 2 00000000025  000000   Y19630001752
1529999994232407   000000 000000 N25 00029839900029839900053040000072310000019270000000000170330E 7012306                                                                                                                                                                                                317 W 5TH ST             240712197130066424060524061900125    00034                            000000000000000000000000000                       000000000000000000000000000                       000000000000000000000000000                       000000000000000000000000000                       000000000000000000000000000     24 2 00000000025 R240716   Y19710001120
1529999994232407   000000 000000 N25 00000000100000000100069000000102160000033160000000000000000 E7012307                                                                                                                                                                                                117 E 26TH ST            240712197180012824061824062500025    00006  02                        000000000000000000000000000                       000000000000000000000000000                       000000000000000000000000000                       000000000000000000000000000                       000000000000000000000000000     24 2 00000000025  000000   Y19830002156
1529999994232407   000000 000000 N25 00000000100000000100027600000067530000039930000000000000000 E7012308                                                                                                                                                                                                111 E 19TH ST            240712197180150924040424062500056    00017                            000000000000000000000000000                       000000000000000000000000000                       000000000000000000000000000                       000000000000000000000000000                       000000000000000000000000000     24 2 00000000025  000000   Y20000001263
1529999994232407   000000 000000 N25 00000000100000000100048070000059750000011680000000000000000 E7012616                                                                                                                                                                                                114 E SHIP BOTTOM AVE    240724197190151424062124062600021    00002                            000000000000000000000000000                       000000000000000000000000000                       000000000000000000000000000                       000000000000000000000000000                       000000000000000000000000000     24 2 00000000025  000000   Y19300000973
1529999994232404   000000 000000 U   00130000000130000000029000000045210000016210003478002620500E 7008001                                                                                                                                                                                                301 W 18TH ST            240419196380077524022624032200060    00018                            000000000000000000000000000                       000000000000000000000000000                       000000000000000000000000000                       000000000000000000000000000                       000000000000000000000000000     24 2 000000000    000000   Y19770000960
1529999994232402   000000 000000 U   00127500000127500000036000000049580000013580003889001929500EA7005021                                                                                                                                                                                                104 E 24TH ST            240216195840199523101724011800029    00012                            000000000000000000000000000                       000000000000000000000000000                       000000000000000000000000000                       000000000000000000000000000                       000000000000000000000000000     23 2 000000000    000000   Y19400001388
1529999994232312   000000 000000 U   00091000000091000000028000000036570000008570004019000853100E 7001999                                                                                                                                                                                                210 W 15TH ST            231208195400149323102623111700069    00008  01                        000000000000000000000000000                       000000000000000000000000000                       000000000000000000000000000                       000000000000000000000000000                       000000000000000000000000000     23 2 000000000    000000   Y19440000936
1529999994232310   000000 000000 U   00128000000128000000029000000051860000022860004052002576300E 6999520                                                                                                                                                                                                284 W 18TH ST            231020194960047323092223092700054    00019                            000000000000000000000000000                       000000000000000000000000000                       000000000000000000000000000                       000000000000000000000000000                       000000000000000000000000000     23 2 000000000   R240716   Y19500002188
1529999994232312   000000 000000 U   00105000000105000000033800000044980000011180004284001551500EA7002263                                                                                                                                                                                                339 W 4TH ST             231222195460135123102723112700136    00008                            000000000000000000000000000                       000000000000000000000000000                       000000000000000000000000000                       000000000000000000000000000                       000000000000000000000000000     23 2 000000000    000000   Y19820001056
1529999994232405   000000 000000 U   00067000000067000000017090000029110000012020004345000592700E 7010450                                                                                                                                                                                                2219 CENTRAL AVE C.01    240531196830035724050824051500035    00001                            000000000000000000000000000                       000000000000000000000000000                       000000000000000000000000000                       000000000000000000000000000                       000000000000000000000000000C.01 24 2 000000000    000000 Y Y19400000921
1529999994232404   000000 000000 U   00084000000084000000029000000037110000008110004418000772900E 7008005                                                                                                                                                                                                229 W 21ST ST            240419196420158524031924032800043    00031                            000000000000000000000000000                       000000000000000000000000000                       000000000000000000000000000                       000000000000000000000000000                       000000000000000000000000000     24 2 000000000    000000   Y19500000944
1529999994232407   000000 000000 U   00135000000135000000034300000060600000026300004489002731000E 7012052                                                                                                                                                                                                333 W 11TH ST            240705197060013024051324061100093    00023                            000000000000000000000000000                       000000000000000000000000000                       000000000000000000000000000                       000000000000000000000000000                       000000000000000000000000000     24 2 000000000    000000   Y19670001300
1529999994232403   000000 000000 U   00065000000065000000023010000029300000006290004508000571500E 7006779                                                                                                                                                                                                2308 CENTRAL AVE         240315196180095724021924022900031    00008                            000000000000000000000000000                       000000000000000000000000000                       000000000000000000000000000                       000000000000000000000000000                       000000000000000000000000000     24 2 000000000   R240409   Y19350000576
1529999994232402   000000 000000 U   00077500000077500000029000000036380000007380004694000704000E 7005599                                                                                                                                                                                                234 W 17TH ST            240301195940132623122824013100059    00018                            000000000000000000000000000                       000000000000000000000000000                       000000000000000000000000000                       000000000000000000000000000                       000000000000000000000000000     23 2 000000000    000000   Y19300000656
1529999994232401   000000 000000 U   00048500000048500000013150000022790000009640004699000403100E 7003451                                                                                                                                                                                                2708 BLVD UNIT #5        240112195610004423111423121400020    00015                            000000000000000000000000000                       000000000000000000000000000                       000000000000000000000000000                       000000000000000000000000000                       000000000000000000000000000C.05 23 2 000000000   R240409 Y Y19300000642
1529999994232405   000000 000000 U   00155000000155000000054100000072840000018740004699003173000E 7010451                                                                                                                                                                                                356 W 14TH ST            240531196850096324041124051700073    00012                            000000000000000000000000000                       000000000000000000000000000                       000000000000000000000000000                       000000000000000000000000000                       000000000000000000000000000     24 2 000000000    000000   Y19590001692
1529999994232310   000000 000000 U   00135000000135000000038370000064070000025700004746002731000E 6995316                                                                                                                                                                                                1001 OCEAN 2ND FLR #C1003231020194220074523061223070500096    00001  01                        000000000000000000000000000                       000000000000000000000000000                       000000000000000000000000000                       000000000000000000000000000                       000000000000000000000000000C100323 2 000000000   R240315 Y Y19870001268
1529999994232406   000000 000000 U   00195000000195000000080040000092700000012660004754003063500EA7010752                                                                                                                                                                                                136 E 27TH ST            240607196880132124051524052100020    00003                            000000000000000000000000000                       000000000000000000000000000                       000000000000000000000000000                       000000000000000000000000000                       000000000000000000000000000     24 2 000000000    000000   Y19500001560
1529999994232310   000000 000000 U   00084900000084900000030880000041080000010200004839000782440E 6997346                                                                                                                                                                                                364 W 7TH ST             231020194680094023081423082400110    00013                            000000000000000000000000000                       000000000000000000000000000                       000000000000000000000000000                       000000000000000000000000000                       000000000000000000000000000     23 2 000000000   R240315   Y19760000960
1529999994232405   000000 000000 U   00167700000167700000030720000081180000050460004841002604860EA7009194                                                                                                                                                                                                108 W 10TH ST            240510196620143524041224042200095    00002  01                        000000000000000000000000000                       000000000000000000000000000                       000000000000000000000000000                       000000000000000000000000000                       000000000000000000000000000     24 2 000000000    000000   Y20060002124
1529999994232401   000000 000000 U   00149900000149900000042000000073320000031320004891003060290E 7003874                                                                                                                                                                                                232 W 16TH ST            240119195700043823112323122700064    00008                            000000000000000000000000000                       000000000000000000000000000                       000000000000000000000000000                       000000000000000000000000000                       000000000000000000000000000     23 2 000000000   R240315   Y19600002456
1529999994232403   000000 000000 U   00170000000170000000044440000083420000038980004907003504500E 7006781                                                                                                                                                                                                126 E 26TH ST            240315196190007124022124030100023    00006                            000000000000000000000000000                       000000000000000000000000000                       000000000000000000000000000                       000000000000000000000000000                       000000000000000000000000000     24 2 000000000    000000   Y20100001538
1529999994232311   000000 000000 U   00110000000110000000032500000054020000021520004911001635500EA7001399                                                                                                                                                                                                334 W 5TH ST             231201195230103623101623103000122    00026                            000000000000000000000000000                       000000000000000000000000000                       000000000000000000000000000                       000000000000000000000000000                       000000000000000000000000000     23 2 000000000    000000   Y19700002124
1529999994232310   000000 000000 U   00125000000125000000035000000061420000026420004914001887500EA6999633                                                                                                                                                                                                243 W 15TH ST            231020194950100423091223092600074    00028                            000000000000000000000000000                       000000000000000000000000000                       000000000000000000000000000                       000000000000000000000000000                       000000000000000000000000000     23 2 000000000    000000   Y19540001811
1529999994232407   000000 000000 U   00093250000093250000034300000046150000011850004949000879200E 7012048                                                                                                                                                                                                243 W 11TH ST            240705197030079024060424060700094    00024                            000000000000000000000000000                       000000000000000000000000000                       000000000000000000000000000                       000000000000000000000000000                       000000000000000000000000000     24 2 000000000    000000   Y19550000848
1529999994232310   000000 000000 U   00124000000124000000033800000062010000028210005001002487900E 6995440                                                                                                                                                                                                321 W 4TH ST             231020194330189923070523071800136    00005                            000000000000000000000000000                       000000000000000000000000000                       000000000000000000000000000                       000000000000000000000000000                       000000000000000000000000000     23 2 000000000    000000   Y19750002525
1529999994232405   000000 000000 U   00159000000159000000029000000079740000050740005015003261400E 7010449                                                                                                                                                                                                202 W 18TH ST            240531196820162024051024051500054    00004                            000000000000000000000000000                       000000000000000000000000000                       000000000000000000000000000                       000000000000000000000000000                       000000000000000000000000000     24 2 000000000    000000   Y20020002166
1529999994232310   000000 000000 U   00089000000089000000034300000045100000010800005067000398200EA6995863                                                                                                                                                                                                234 W 10TH ST            231020194440040923072723072800094    00010                            000000000000000000000000000                       000000000000000000000000000                       000000000000000000000000000                       000000000000000000000000000                       000000000000000000000000000     23 2 000000000    000000   Y19500000842
1529999994232312   000000 000000 U   00210000000210000000032500000106730000074230005082004388500E 7002702                                                                                                                                                                                                342 W 6TH ST             231222195510100123111523120400113    00004  04                        000000000000000000000000000                       000000000000000000000000000                       000000000000000000000000000                       000000000000000000000000000                       000000000000000000000000000     23 2 000000000    000000   Y20170003322
1529999994232311   000000 000000 U   00162500000162500000037730000083030000045300005110003338750E 7001590                                                                                                                                                                                                381 W 11TH STREET        231201195290115723080923110600093    00016  02                        000000000000000000000000000                       000000000000000000000000000                       000000000000000000000000000                       000000000000000000000000000                       000000000000000000000000000     23 2 000000000    000000   Y20140001795
1529999994232402   000000 000000 U   00056000000056000000022510000028690000006180005123000476100E 7005081                                                                                                                                                                                                232 W 17TH ST            240216195880028623122924012300059    00017                            000000000000000000000000000                       000000000000000000000000000                       000000000000000000000000000                       000000000000000000000000000                       000000000000000000000000000     23 2 000000000    000000   Y19130000528
1529999994232402   000000 000000 U   00095000000095000000029000000048760000019760005133000899500E 7005600                                                                                                                                                                                                109 W 25TH ST            240301195980173724010324020500028    00013                            000000000000000000000000000                       000000000000000000000000000                       000000000000000000000000000                       000000000000000000000000000                       000000000000000000000000000     24 2 000000000    000000   Y19820000960
1529999994232404   000000 000000 U   00117500000117500000032500000060320000027820005134002344250E 7008002                                                                                                                                                                                                210 W 5TH ST             240419196390112024022824032500120    00005                            000000000000000000000000000                       000000000000000000000000000                       000000000000000000000000000                       000000000000000000000000000                       000000000000000000000000000     24 2 000000000    000000   Y19700001792
1529999994232310   000000 000000 U   00068500000068500000028460000035470000007010005178000608600E 7000069                                                                                                                                                                                                111 E 28TH ST            231027195040107223092923100600020    00019                            000000000000000000000000000                       000000000000000000000000000                       000000000000000000000000000                       000000000000000000000000000                       000000000000000000000000000     23 2 000000000    000000   Y19300000744
1529999994232404   000000 000000 U   00099900000099900000042880000052270000009390005232000956340E 7008006                                                                                                                                                                                                126 E 20TH ST            240419196420189824031524032800045    00005                            000000000000000000000000000                       000000000000000000000000000                       000000000000000000000000000                       000000000000000000000000000                       000000000000000000000000000C.1  24 2 000000000    000000 Y Y19250001266
1529999994232404   000000 000000 U   00110000000110000000033880000058620000024740005329002178500E 7007918                                                                                                                                                                                                418 DREXEL RD            240412196370070724031324032200129    00010  01                        000000000000000000000000000                       000000000000000000000000000                       000000000000000000000000000                       000000000000000000000000000                       000000000000000000000000000     24 2 000000000    000000   Y19650001968
1529999994232407   000000 000000 U   00080000000080000000028190000042720000014530005340000730500E 7012049                                                                                                                                                                                                1111 CENTRAL AVE         240705197040190824053124061000089    00002                            000000000000000000000000000                       000000000000000000000000000                       000000000000000000000000000                       000000000000000000000000000                       000000000000000000000000000     24 2 000000000    000000   Y19600001008
1529999994232406   000000 000000 U   00086000000086000000030000000046000000016000005349000795100E 7011578                                                                                                                                                                                                110 E 23RD ST C9.08      240628197000141424052824060500030    00009  08                        000000000000000000000000000                       000000000000000000000000000                       000000000000000000000000000                       000000000000000000000000000                       000000000000000000000000000     24 2 000000000    000000 Y Y19800001392
1529999994232403   000000 000000 U   00092500000092500000035000000049980000014980005403000870500E 7006202                                                                                                                                                                                                309 W 16TH ST            240308196100189124020624022100070    00017                            000000000000000000000000000                       000000000000000000000000000                       000000000000000000000000000                       000000000000000000000000000                       000000000000000000000000000     24 2 000000000    000000   Y19600001496
1529999994232406   000000 000000 U   00085000000085000000034300000046060000011760005419000783500E 7011577                                                                                                                                                                                                364 W 10TH ST            240628196980086824052224060300093    00012                            000000000000000000000000000                       000000000000000000000000000                       000000000000000000000000000                       000000000000000000000000000                       000000000000000000000000000     24 2 000000000    000000   Y19630000942
1529999994232403   000000 000000 U   00080000000080000000032590000043520000010930005440000346500EA7007280                                                                                                                                                                                                315 W 10TH ST            240329196260126224022124031100100    00023                            000000000000000000000000000                       000000000000000000000000000                       000000000000000000000000000                       000000000000000000000000000                       000000000000000000000000000     24 2 000000000    000000   Y19580001368
1529999994232401   000000 000000 U   00121000000121000000022510000067080000044570005544002421600E 7003540                                                                                                                                                                                                104 E 26TH ST            240112195680055723121223122600022    00006                            000000000000000000000000000                       000000000000000000000000000                       000000000000000000000000000                       000000000000000000000000000                       000000000000000000000000000     23 2 000000000    000000   Y20180001163
1529999994232311   000000 000000 U   00130000000130000000035500000072170000036670005552002620500E 7001400                                                                                                                                                                                                129 W 7TH ST             231201195240047623101023103000115    00010  01                        000000000000000000000000000                       000000000000000000000000000                       000000000000000000000000000                       000000000000000000000000000                       000000000000000000000000000     23 2 000000000    000000   Y20010002272
1529999994232310   000000 000000 U   00099500000099500000035000000055290000020290005557000464350EA6999585                                                                                                                                                                                                242 W 15TH ST            231020195000011523092223100200069    00014                            000000000000000000000000000                       000000000000000000000000000                       000000000000000000000000000                       000000000000000000000000000                       000000000000000000000000000     23 2 000000000    000000   Y19550001496
1529999994232310   000000 000000 U   00210000000210000000070000000116730000046730005559004388500E 6995862                                                                                                                                                                                                124 E 12TH ST            231020194410108723071823072600086    00003  01                        000000000000000000000000000                       000000000000000000000000000                       000000000000000000000000000                       000000000000000000000000000                       000000000000000000000000000     23 2 000000000    000000   Y20010002536
1529999994232310   000000 000000 U   00110000000110000000047030000061700000014670005609001635500EA6996517                                                                                                                                                                                                116 E 30TH ST            231020194550025323080723080900017    00006                            000000000000000000000000000                       000000000000000000000000000                       000000000000000000000000000                       000000000000000000000000000                       000000000000000000000000000     23 2 000000000    000000   Y19350001760
1529999994232402   000000 000000 U   00080777500080777500030000000046000000016000005695000738980E 7004591                                                                                                                                                                                                114 E 23RD ST C9.11      240202195780038523110224010900030    00009  11                        000000000000000000000000000                       000000000000000000000000000                       000000000000000000000000000                       000000000000000000000000000                       000000000000000000000000000     23 2 000000000    000000 Y Y19800001392
1529999994232405   000000 000000 U   00091500000091500000032500000053110000020610005804000413950EA7009866                                                                                                                                                                                                358 W 6TH ST             240517196720187224041524050300113    00006                            000000000000000000000000000                       000000000000000000000000000                       000000000000000000000000000                       000000000000000000000000000                       000000000000000000000000000     24 2 000000000    000000   Y19650001768
1529999994232401   000000 000000 U   00135000000135000000047380000078530000031150005817002055500EA7004335                                                                                                                                                                                                12 ROBERT DR             240126195760127123121124010500016    00001  06                        000000000000000000000000000                       000000000000000000000000000                       000000000000000000000000000                       000000000000000000000000000                       000000000000000000000000000     23 2 000000000    000000   Y19870001920
1529999994232310   000000 000000 U   00056000000056000000019800000033190000013390005927000476100E 6995315                                                                                                                                                                                                1615 CENTRAL AVE UNIT 2A 231020194210193123062723070500064    00001                            000000000000000000000000000                       000000000000000000000000000                       000000000000000000000000000                       000000000000000000000000000                       000000000000000000000000000C.2A 23 2 000000000    000000 Y Y19500000720
1529999994232310   000000 000000 U   00240000000240000000043000000143640000100640005985003819500EA6995866                                                                                                                                                                                                261 W 19TH ST            231020194490029323072423080300054    00028                            000000000000000000000000000                       000000000000000000000000000                       000000000000000000000000000                       000000000000000000000000000                       000000000000000000000000000     23 2 000000000    000000   Y20220002786
1529999994232311   000000 000000 U   00080000000080000000023980000048340000024360006043000730500E 7000711                                                                                                                                                                                                2502 BLVD UNIT 3B        231110195170020923090623102300025    00010  01                        000000000000000000000000000                       000000000000000000000000000                       000000000000000000000000000                       000000000000000000000000000                       000000000000000000000000000C.3B 23 2 000000000    000000 Y Y20070001282
1529999994232407   000000 000000 U   00075000000075000000030000000046000000016000006133000677500E 7012305                                                                                                                                                                                                2300 BLVD C9.07          240712197110189824061224061800030    00009  07                        000000000000000000000000000                       000000000000000000000000000                       000000000000000000000000000                       000000000000000000000000000                       000000000000000000000000000     24 2 000000000    000000 Y Y19800001392
1529999994232403   000000 000000 U   00155000000155000000064000000095880000031880006186003173000E 7006692                                                                                                                                                                                                139 E 24TH ST            240315196130076524020224022300030    00018                            000000000000000000000000000                       000000000000000000000000000                       000000000000000000000000000                       000000000000000000000000000                       000000000000000000000000000     24 2 000000000    000000   Y20090001632
1529999994232310   000000 000000 U   00114000000114000000038640000071520000032880006274002266900E 6999586                                                                                                                                                                                                1603 BARNEGAT AVE        231020195000142623092923100200063    00003                            000000000000000000000000000                       000000000000000000000000000                       000000000000000000000000000                       000000000000000000000000000                       000000000000000000000000000     23 2 000000000    000000   Y19760003364
1529999994232312   000000 000000 U   00087500000087500000032500000056860000024360006498000812500E 7002701                                                                                                                                                                                                376 W 5TH ST             231222195500076723111623113000122    00033                            000000000000000000000000000                       000000000000000000000000000                       000000000000000000000000000                       000000000000000000000000000                       000000000000000000000000000     23 2 000000000    000000   Y19710001856
1529999994232404   000000 000000 U   00040100000040100000020160000027020000006860006738000322460E 7008003                                                                                                                                                                                                124 E 17TH ST UNIT#2     240419196390142124031324032500057    00007                            000000000000000000000000000                       000000000000000000000000000                       000000000000000000000000000                       000000000000000000000000000                       000000000000000000000000000C.2  24 2 000000000    000000 Y Y19450000324
1529999994232310   000000 000000 U   00079500000079500000037500000054730000017230006884000725200E 6995441                                                                                                                                                                                                101 W 9TH ST UNIT 102    231020194340014223021723071800105    00001  01                        000000000000000000000000000                       000000000000000000000000000                       000000000000000000000000000                       000000000000000000000000000                       000000000000000000000000000C.10223 2 000000000    000000 Y Y20180001300
1529999994232310   000000 000000 U   00077500000077500000037500000054670000017170007054000704000E 6998813                                                                                                                                                                                                101 W 9TH ST UNIT 108    231020194850195323083123091400105    00001  01                        000000000000000000000000000                       000000000000000000000000000                       000000000000000000000000000                       000000000000000000000000000                       000000000000000000000000000C.10823 2 000000000    000000 Y Y20180001300
1529999994232310   000000 000000 U   00096000000096000000054650000072850000018200007589000911100E 6995439                                                                                                                                                                                                118 E 29TH ST            231020194330075023062723071700018    00007                            000000000000000000000000000                       000000000000000000000000000                       000000000000000000000000000                       000000000000000000000000000                       000000000000000000000000000     23 2 000000000    000000   Y19300001428
1529999994232310   000000 000000 N25 00000000100000000100031680000070210000038530000000000000000 E6997014                                                                                                                                                                                                2102 BLVD                231020194590038723080123081400038    00011                            000000000000000000000000000                       000000000000000000000000000                       000000000000000000000000000                       000000000000000000000000000                       000000000000000000000000000     23 4A73700000025  000000   Y19490004930
1529999994232310   000000 000000 N25 00000000100000000100030320000053100000022780000000000000000 E7000071                                                                                                                                                                                                202 W 27TH ST            231027195050107023091323101000009    00004                            000000000000000000000000000                       000000000000000000000000000                       000000000000000000000000000                       000000000000000000000000000                       000000000000000000000000000     23 4A73800000025  000000   Y19630003192
1529999994232310   000000 000000 N25 00000000100000000100029470000056780000027310000000000000000 E7000073                                                                                                                                                                                                518 CENTRAL AVE          231027195060191623100523101000119    00007                            000000000000000000000000000                       000000000000000000000000000                       000000000000000000000000000                       000000000000000000000000000                       000000000000000000000000000     23 4A73800000025  000000   Y19500003751
1529999994232312   000000 000000 N25 00000000100000000100040320000055540000015220000000000000000 E7001997                                                                                                                                                                                                820 BARNEGAT AVE         231208195390105723102023111600104    00014                            000000000000000000000000000                       000000000000000000000000000                       000000000000000000000000000                       000000000000000000000000000                       000000000000000000000000000     23 4A73700000025  000000   Y19650003192
1529999994232312   000000 000000 N25 00000000100000000100107030000158070000051040000000000000000 E7002700                                                                                                                                                                                                1608 LONG BEACH BLVD     231222195480099923080623112900066    00011                            000000000000000000000000000                       000000000000000000000000000                       000000000000000000000000000                       000000000000000000000000000                       000000000000000000000000000     23 4A63900000025  000000   Y19360006756
1529999994232401   000000 000000 N25 00000001000000001000056490000071630000015140000000000000000 E7003875                                                                                                                                                                                                2301 BLVD                240119195700113023121323122800031    00001                            000000000000000000000000000                       000000000000000000000000000                       000000000000000000000000000                       000000000000000000000000000                       000000000000000000000000000     23 4A62200000025  000000   Y19600000100
1529999994232401   000000 000000 N26 00095000000095000000056490000071630000015140000000000899500EA7003876                                                                                                                                                                                                2301 BLVD                240119195700113723121323122800031    00001                            000000000000000000000000000                       000000000000000000000000000                       000000000000000000000000000                       000000000000000000000000000                       000000000000000000000000000     23 4A622000000   R240123   Y19600000100
1529999994232404   000000 000000 N25 00000000100000000100030360000053630000023270000000000000000 E7007541                                                                                                                                                                                                1118-1120 BLVD           240405196290183224030724031400087    00011  01                        000000000000000000000000000                       000000000000000000000000000                       000000000000000000000000000                       000000000000000000000000000                       000000000000000000000000000     24 4A56000000025  000000   Y19880001986
1529999994232405   000000 000000 N25 00000000100000000100015410000047910000032500000000000000000 E7010624                                                                                                                                                                                                2712 BLVD                240531196800060324042424051300020    00016                            000000000000000000000000000                       000000000000000000000000000                       000000000000000000000000000                       000000000000000000000000000                       000000000000000000000000000     24 4A73800000025  000000   Y20100001884
1529999994232405   000000 000000 N25 00000000100000000100046550000145290000098740000000000000000 E7010625                                                                                                                                                                                                2800 BLVD                240531196800060924042424051300019    00011                            000000000000000000000000000                       000000000000000000000000000                       000000000000000000000000000                       000000000000000000000000000                       000000000000000000000000000     24 4A73800000025  000000   Y19480009860
1529999994232405   000000 000000 N25 00000000100000000100027550000042260000014710000000000000000 E7010627                                                                                                                                                                                                101 W 23RD ST            240531196800062124042424051300036    00012                            000000000000000000000000000                       000000000000000000000000000                       000000000000000000000000000                       000000000000000000000000000                       000000000000000000000000000     24 4A95900000025  000000   Y19400005400
1532999994232310   000000 000000 N07 00235500000235500000043000000043000000000000000000004952050ED6995426                                                                                                                                                                                                356 N 5TH ST             231020194230104323062123070600101    00024                            000000000000000000000000000                       000000000000000000000000000                       000000000000000000000000000                       000000000000000000000000000                       000000000000000000000000000     23 1 00000000007  000000   Y20230002842
1532999994232310   000000 000000 N07 00292500000292500000041250000041250000000000000000006211750ED6997880                                                                                                                                                                                                39 N 6TH STREET          231020194490047823072023080300023    00017  01                        000000000000000000000000000                       000000000000000000000000000                       000000000000000000000000000                       000000000000000000000000000                       000000000000000000000000000     23 1 00000000007  000000   Y00000000000
1532999994232310   000000 000000 N07 00188000000188000000050000000050000000000000000000003902300ED6999580                                                                                                                                                                                                101 N 1ST ST             231020194800157923081723090800005    00011                            000000000000000000000000000                       000000000000000000000000000                       000000000000000000000000000                       000000000000000000000000000                       000000000000000000000000000     23 1 00000000007  000000   Y20230002478
1532999994232310   000000 000000 N25 00000000100000000100063000000063000000000000000000000000000 E6999885                                                                                                                                                                                                35 N 6TH STREET          231027195050077223063023100600023    00015                            000000000000000000000000000                       000000000000000000000000000                       000000000000000000000000000                       000000000000000000000000000                       000000000000000000000000000     23 1 00000000025  000000   Y20220002950
1532999994232312   000000 000000 N07 00262000000262000000046000000046000000000000000000005537700ED7002602                                                                                                                                                                                                49 N 1ST ST              231222195340196023103023110900012    00023                            000000000000000000000000000                       000000000000000000000000000                       000000000000000000000000000                       000000000000000000000000000                       000000000000000000000000000     23 1 00000000007  000000   Y20230003106
1532999994232401   000000 000000 N25 00000000100000000100045250000045250000000000000000000000000 E7003428                                                                                                                                                                                                43 N 6TH STREET          240112195610181123113023121500023    00019  01                        000000000000000000000000000                       000000000000000000000000000                       000000000000000000000000000                       000000000000000000000000000                       000000000000000000000000000     23 1 00000000025  000000   Y20220002940
1532999994232401   000000 000000 N30 00080000000080000000042500000042500000000000000000000730500E 7003430                                                                                                                                                                                                109 N 4TH ST             240112195620001523120423121500015    00007  01                        000000000000000000000000000                       000000000000000000000000000                       000000000000000000000000000                       000000000000000000000000000                       000000000000000000000000000     23 1 000000000   R240123   Y00000000000
1532999994232401   000000 000000 N30 00080000000080000000042500000042500000000000000000000730500E 7003431                                                                                                                                                                                                115 N 4TH STREET         240112195620010023120423121500015    00005  01                        000000000000000000000000000                       000000000000000000000000000                       000000000000000000000000000                       000000000000000000000000000                       000000000000000000000000000     23 1 000000000   R240123   Y00000000000
1532999994232402   000000 000000 N30 00080000000080000000042500000042500000000000000000000730500E 7004891                                                                                                                                                                                                116 N 5TH STREET         240209195810141124010824011200015    00006  01                        000000000000000000000000000                       000000000000000000000000000                       000000000000000000000000000                       000000000000000000000000000                       000000000000000000000000000     24 1 000000000   R240216   Y00000000000
1532999994232404   000000 000000 N07 00227500000227500000042500000042500000000000000000004775250ED7008225                                                                                                                                                                                                256 N 13TH ST            240419196370144524031424032200075    00024                            000000000000000000000000000                       000000000000000000000000000                       000000000000000000000000000                       000000000000000000000000000                       000000000000000000000000000     24 1 00000000007  000000   Y00000000000
1532999994232405   000000 000000 N07 00244500000244500000038250000038250000000000000000005150950E 7009343                                                                                                                                                                                                111 N CENTRAL AVE        240510196580041724032524041600064    00003                            000000000000000000000000000                       000000000000000000000000000                       000000000000000000000000000                       000000000000000000000000000                       000000000000000000000000000     24 1 00000000007 R240514   Y20240000000
1532999994232405   000000 000000 N07 00195000000195000000038800000038800000000000000000004057000ED7009344                                                                                                                                                                                                218 N 19TH ST            240510196610084724040424041900087    00010                            000000000000000000000000000                       000000000000000000000000000                       000000000000000000000000000                       000000000000000000000000000                       000000000000000000000000000     24 1 000000000    000000   Y20240002358
1532999994232407   000000 000000 N11 00049000000049000000045700000045700000000000000000000407900E 7012298                                                                                                                                                                                                51 N 24TH STREET         240712197150182524061824062400059    00015  01                        000000000000000000000000000                       000000000000000000000000000                       000000000000000000000000000                       000000000000000000000000000                       000000000000000000000000000     24 1 00000000011 R240716   Y00000000000
1532999994232407   000000 000000 N07 00299900000299900000046700000046700000000000000000006375290ED7012814                                                                                                                                                                                                108 N 2ND ST             240724197220186324062024062800005    00008  01                        000000000000000000000000000                       000000000000000000000000000                       000000000000000000000000000                       000000000000000000000000000                       000000000000000000000000000     24 1 00000000007  000000   Y20240003255
1532999994232401   000000 000000 U   00120000000120000000070000000070000000000000005833001199500E 7003217                                                                                                                                                                                                47 N 24TH STREET         240112195570190623110923121100059    00015  02                        000000000000000000000000000                       000000000000000000000000000                       000000000000000000000000000                       000000000000000000000000000                       000000000000000000000000000     23 1 000000000   R240730   Y20230000000
1532999994232310   000000 000000 N25 00000000100000000100039800000094020000054220000000000000000 E6995423                                                                                                                                                                                                280 N 15TH ST            231020194200096923062323070300077    00014                            000000000000000000000000000                       000000000000000000000000000                       000000000000000000000000000                       000000000000000000000000000                       000000000000000000000000000     23 2 00000000025  000000   Y20210002112
1532999994232310   000000 000000 N25 00000000100000000100070000000123060000053060000000000000000 E6995424                                                                                                                                                                                                37 N 11TH ST             231020194200097623062323070300033    00013  02                        000000000000000000000000000                       000000000000000000000000000                       000000000000000000000000000                       000000000000000000000000000                       000000000000000000000000000     23 2 00000000025  000000   Y20010002446
1532999994232310   000000 000000 N12 00078500000078500000038300000063850000025550000000000714600E 6995425                                                                                                                                                                                                234 N 6TH ST             231020194200121623060523070300068    00020                            000000000000000000000000000                       000000000000000000000000000                       000000000000000000000000000                       000000000000000000000000000                       000000000000000000000000000     23 2 00000000012 R231031   Y19700002180
1532999994232310   000000 000000 N25 00000000100000000100044000000058140000014140000000000000000 E6995429                                                                                                                                                                                                222 N 23RD ST            231020194310155023062923071400091    00010                            000000000000000000000000000                       000000000000000000000000000                       000000000000000000000000000                       000000000000000000000000000                       000000000000000000000000000     23 2 00000000025  000000   Y19530001144
1532999994232310   000000 000000 N25 00000000100000000100038300000098440000060140000000000000000 E6995430                                                                                                                                                                                                209 N 15TH ST            231020194330141823041323071700081    00005                            000000000000000000000000000                       000000000000000000000000000                       000000000000000000000000000                       000000000000000000000000000                       000000000000000000000000000     23 2 00000000025  000000   Y20200002257
1532999994232310   000000 000000 N25 00000000100000000100042500000057710000015210000000000000000 E6995431                                                                                                                                                                                                313 N 5TH ST             231020194380123823071723072400102    00005                            000000000000000000000000000                       000000000000000000000000000                       000000000000000000000000000                       000000000000000000000000000                       000000000000000000000000000     23 2 00000000025  000000   Y20230002514
1532999994232310   000000 000000 N25 00000000100000000100046000000064000000018000000000000000000 E6995432                                                                                                                                                                                                339 N 10TH ST            231020194380149923070623072400107    00015                            000000000000000000000000000                       000000000000000000000000000                       000000000000000000000000000                       000000000000000000000000000                       000000000000000000000000000     23 2 00000000025  000000   Y19710001152
1532999994232310   000000 000000 N25 00000000000000000000140000000155000000015000000000000000000 E6995433                                                                                                                                                                                                913 N OCEAN AVE          231020194390010023072123072400031    00003                            000000000000000000000000000                       000000000000000000000000000                       000000000000000000000000000                       000000000000000000000000000                       000000000000000000000000000     23 2 00000000025  000000   Y19700001632
1532999994232310   000000 000000 N25 00000000100000000100176680000288320000111640000000000000000 E6995434                                                                                                                                                                                                2401 N OCEAN AVE         231020194410030323071723072600059    00001                            000000000000000000000000000                       000000000000000000000000000                       000000000000000000000000000                       000000000000000000000000000                       000000000000000000000000000     23 2 00000000025  000000   Y20050004608
1532999994232310   000000 000000 N25 00000000100000000100153790000206130000052340000000000000000 E6995856                                                                                                                                                                                                711 N OCEAN AVE          231020194490167323072523080300029    00003                            000000000000000000000000000                       000000000000000000000000000                       000000000000000000000000000                       000000000000000000000000000                       000000000000000000000000000     23 2 00000000025  000000   Y20000002720
1532999994232310   000000 000000 N25 00000000100000000100042500000073130000030630000000000000000 E6997882                                                                                                                                                                                                233 N 7TH ST             231020194540053223080423080800070    00013                            000000000000000000000000000                       000000000000000000000000000                       000000000000000000000000000                       000000000000000000000000000                       000000000000000000000000000     23 2 00000000025  000000   Y20020002096
1532999994232310   000000 000000 N25 00000001000000001000045530000088330000042800000000000000000 E6997883                                                                                                                                                                                                292 N 16TH ST            231020194590170123051823081500078    00021                            000000000000000000000000000                       000000000000000000000000000                       000000000000000000000000000                       000000000000000000000000000                       000000000000000000000000000     23 2 00000000025  000000   Y19940002336
1532999994232310   000000 000000 N25 00000000100000000100078750000128340000049590000000000000000 E6997886                                                                                                                                                                                                32 N 1ST ST              231020194630194423080923082100011    00014                            000000000000000000000000000                       000000000000000000000000000                       000000000000000000000000000                       000000000000000000000000000                       000000000000000000000000000     23 2 00000000025  000000   Y19870002972
1532999994232310   000000 000000 N25 00000000100000000100088550000107090000018540000000000000000 E6997887                                                                                                                                                                                                43 S 1ST ST              231020194710085423072323082900010    00023                            000000000000000000000000000                       000000000000000000000000000                       000000000000000000000000000                       000000000000000000000000000                       000000000000000000000000000     23 2 00000000025  000000   Y19600001656
1532999994232310   000000 000000 N07 00220000000220000000042500000048660000006160000000004609500ED6997888                                                                                                                                                                                                288 N 12TH ST            231020194760050723083123090500074    00036                            000000000000000000000000000                       000000000000000000000000000                       000000000000000000000000000                       000000000000000000000000000                       000000000000000000000000000     23 2 00000000007 R231031   Y20230000000
1532999994232310   000000 000000 N25 00000000100000000100103550000156680000053130000000000000000 E6999514                                                                                                                                                                                                12 N 7TH ST              231020194770097423082223090600023    00006                            000000000000000000000000000                       000000000000000000000000000                       000000000000000000000000000                       000000000000000000000000000                       000000000000000000000000000     23 2 00000000025  000000   Y20080002800
1532999994232310   000000 000000 N07 00232000000232000000050000000050000000000000000000004874700ED6999583                                                                                                                                                                                                201 N 2ND ST             231020194920127923091423092200005    00012                            000000000000000000000000000                       000000000000000000000000000                       000000000000000000000000000                       000000000000000000000000000                       000000000000000000000000000     23 2 00000000007 R231031   Y20230003096
1532999994232310   000000 000000 N25 00000001000000001000043000000074890000031890000000000000000 E6999882                                                                                                                                                                                                357 N 4TH ST             231027195020082523092123100400101    00023                            000000000000000000000000000                       000000000000000000000000000                       000000000000000000000000000                       000000000000000000000000000                       000000000000000000000000000     23 2 00000000025  000000   Y19960001574
1532999994232310   000000 000000 N07 00220000000220000000053000000067140000014140000000004609500ED6999883                                                                                                                                                                                                262 N 13TH ST            231027195040120123092923100600075    00026                            000000000000000000000000000                       000000000000000000000000000                       000000000000000000000000000                       000000000000000000000000000                       000000000000000000000000000     23 2 00000000007 R231102   Y20230002800
1532999994232310   000000 000000 N25 00000000100000000100033260000049450000016190000000000000000 E6999884                                                                                                                                                                                                1819 N CENTRAL AVE       231027195050036023062123100600087    00004                            000000000000000000000000000                       000000000000000000000000000                       000000000000000000000000000                       000000000000000000000000000                       000000000000000000000000000     23 2 00000000025  000000   Y19500001344
1532999994232311   000000 000000 N25 00000000100000000100042500000060010000017510000000000000000 E7000803                                                                                                                                                                                                114 N 20TH ST            231117195150083123101723101900046    00004                            000000000000000000000000000                       000000000000000000000000000                       000000000000000000000000000                       000000000000000000000000000                       000000000000000000000000000     23 2 00000000025  000000   Y19600001632
1532999994232311   000000 000000 N25 00000000000000000000038250000052900000014650000000000000000 E7000804                                                                                                                                                                                                2306 N CENTRAL AVE       231117195160025823101323102000055    00002                            000000000000000000000000000                       000000000000000000000000000                       000000000000000000000000000                       000000000000000000000000000                       000000000000000000000000000     23 2 00000000025  000000   Y19500000858
1532999994232311   000000 000000 N25 00000000100000000100042500000062400000019900000000000000000 E7000805                                                                                                                                                                                                282 N 12TH ST            231117195190154023100423102500074    00034                            000000000000000000000000000                       000000000000000000000000000                       000000000000000000000000000                       000000000000000000000000000                       000000000000000000000000000     23 2 00000000025  000000   Y19650001764
1532999994232311   000000 000000 N25 00000000100000000100104880000192200000087320000000000000000 E7000806                                                                                                                                                                                                1705 BAY FRONT           231117195230097923102323103000083    00023                            000000000000000000000000000                       000000000000000000000000000                       000000000000000000000000000                       000000000000000000000000000                       000000000000000000000000000     23 2 00000000025  000000   Y20110003372
1532999994232311   000000 000000 N25 00000000000000000000047500000115070000067570000000000000000 E7000808                                                                                                                                                                                                328 N 13TH ST            231117195250133923103123103100109    00012                            000000000000000000000000000                       000000000000000000000000000                       000000000000000000000000000                       000000000000000000000000000                       000000000000000000000000000     23 2 00000000025  000000   Y20210001776
1532999994232312   000000 000000 N25 00000000100000000100080000000109780000029780000000000000000 E7002600                                                                                                                                                                                                21 N 22ND ST             231222195270023123100723110200057    00009                            000000000000000000000000000                       000000000000000000000000000                       000000000000000000000000000                       000000000000000000000000000                       000000000000000000000000000     23 2 00000000025  000000   Y19390002485
1532999994232312   000000 000000 N10 00060000000060000000042500000059730000017230000000000518500E 7002601                                                                                                                                                                                                283 N 9TH ST             231222195280069123102323110300072    00033                            000000000000000000000000000                       000000000000000000000000000                       000000000000000000000000000                       000000000000000000000000000                       000000000000000000000000000     23 2 00000000008 R240102   Y19780001050
1532999994232312   000000 000000 N25 00000000100000000100043000000053490000010490000000000000000 E7002603                                                                                                                                                                                                216 N 24TH ST            231222195350061223110623111300092    00008                            000000000000000000000000000                       000000000000000000000000000                       000000000000000000000000000                       000000000000000000000000000                       000000000000000000000000000     23 2 00000000025  000000   Y19480000682
1532999994232312   000000 000000 N25 00000000100000000100042500000081320000038820000000000000000 E7002605                                                                                                                                                                                                323 N 7TH ST             231222195420040923111523112000104    00009                            000000000000000000000000000                       000000000000000000000000000                       000000000000000000000000000                       000000000000000000000000000                       000000000000000000000000000     23 2 00000000025  000000   Y19650001778
1532999994232312   000000 000000 N25 00000001000000001000075000000090420000015420000000000000000 E7002607                                                                                                                                                                                                33 N 24TH ST             231222195430046623031123112100059    00009                            000000000000000000000000000                       000000000000000000000000000                       000000000000000000000000000                       000000000000000000000000000                       000000000000000000000000000     23 2 00000000025  000000   Y19680001800
1532999994232312   000000 000000 N04 00153500000153500000052250000072570000020320000000000000000 E7002608                                                                                                                                                                                                46 N 25TH ST             231222195450113223090823112400059    00014                            000000000000000000000000000                       000000000000000000000000000                       000000000000000000000000000                       000000000000000000000000000                       000000000000000000000000000     23 2 00000000026 R240102   Y19850001196
1532999994232312   000000 000000 N25 00000000100000000100038250000084610000046360000000000000000 E7002609                                                                                                                                                                                                2212 N CENTRAL AVE       231222195460131623112123112700054    00003                            000000000000000000000000000                       000000000000000000000000000                       000000000000000000000000000                       000000000000000000000000000                       000000000000000000000000000     23 2 00000000025  000000   Y20210001876
1532999994232312   000000 000000 N25 00000000100000000100043000000065480000022480000000000000000 E7002610                                                                                                                                                                                                219 N 24TH ST            231222195470115123112123112800093    00007                            000000000000000000000000000                       000000000000000000000000000                       000000000000000000000000000                       000000000000000000000000000                       000000000000000000000000000     23 2 00000000025  000000   Y19840001232
1532999994232312   000000 000000 N01 00050000000050000000038300000063490000025190000000000417500E 7002691                                                                                                                                                                                                261 N 14TH ST            231222195370125223110723111400077    00005                            000000000000000000000000000                       000000000000000000000000000                       000000000000000000000000000                       000000000000000000000000000                       000000000000000000000000000     23 2 00000000001 R240102   Y19990001152
1532999994232401   000000 000000 N25 00000000100000000100078750000094040000015290000000000000000 E7003214                                                                                                                                                                                                35 N 17TH ST             240112195530147623102323120500049    00011                            000000000000000000000000000                       000000000000000000000000000                       000000000000000000000000000                       000000000000000000000000000                       000000000000000000000000000     23 2 00000000025  000000   Y19700002072
1532999994232401   000000 000000 N05 00000000100000000100000000000000000000000000000000000000000 E7003215                                                                                                                                                                                                817 N CENTRAL AVE        240112195530185703111323120600071    00004                            000000000000000000000000000                       000000000000000000000000000                       000000000000000000000000000                       000000000000000000000000000                       000000000000000000000000000     03 2 00000000025  000000   Y19360000960
1532999994232401   000000 000000 N25 00000001000000001000042500000058530000016030000000000000000 E7003216                                                                                                                                                                                                316 N 5TH ST             240112195570121623112123121100101    00008                            000000000000000000000000000                       000000000000000000000000000                       000000000000000000000000000                       000000000000000000000000000                       000000000000000000000000000     23 2 00000000025  000000   Y19550001122
1532999994232401   000000 000000 N25 00000000100000000100042500000055800000013300000000000000000 E7003429                                                                                                                                                                                                252 N 5TH ST             240112195620000123120723121500067    00022                            000000000000000000000000000                       000000000000000000000000000                       000000000000000000000000000                       000000000000000000000000000                       000000000000000000000000000     23 2 00000000025  000000   Y19450001056
1532999994232401   000000 000000 N07 00219900000219900000000000000000000000000000000000004607290ED7003432                                                                                                                                                                                                266 N 13TH ST            240112195620032523111623121500075    00028                            000000000000000000000000000                       000000000000000000000000000                       000000000000000000000000000                       000000000000000000000000000                       000000000000000000000000000     23 2 00000000007 R240123   Y20230000000
1532999994232401   000000 000000 N25 00000000100000000100042500000092860000050360000000000000000 E7003433                                                                                                                                                                                                110 N 20TH ST            240112195630002023121223121800046    00006                            000000000000000000000000000                       000000000000000000000000000                       000000000000000000000000000                       000000000000000000000000000                       000000000000000000000000000     23 2 00000000025  000000   Y19550002440
1532999994232401   000000 000000 N25 00000000100000000100042500000098010000055510000000000000000 E7003721                                                                                                                                                                                                219 DIVISION AVE         240119195650086523121323122000063    00007                            000000000000000000000000000                       000000000000000000000000000                       000000000000000000000000000                       000000000000000000000000000                       000000000000000000000000000     23 2 00000000025  000000   Y20120002416
1532999994232401   000000 000000 N25 00000000100000000100042500000060730000018230000000000000000 E7003722                                                                                                                                                                                                262 N 5TH ST             240119195660034223120523122000067    00026                            000000000000000000000000000                       000000000000000000000000000                       000000000000000000000000000                       000000000000000000000000000                       000000000000000000000000000     23 2 00000000025  000000   Y19540001224
1532999994232401   000000 000000 N25 00000001000000001000042500000063410000020910000000000000000 E7003724                                                                                                                                                                                                222 N 1ST ST             240119195670042623111023122100063    00010                            000000000000000000000000000                       000000000000000000000000000                       000000000000000000000000000                       000000000000000000000000000                       000000000000000000000000000     23 2 00000000025  000000   Y19850001624
1532999994232401   000000 000000 N25 00000000100000000100039740000058640000018900000000000000000 E7003725                                                                                                                                                                                                12 N CENTRAL AVE         240119195670045423122023122200004    00003                            000000000000000000000000000                       000000000000000000000000000                       000000000000000000000000000                       000000000000000000000000000                       000000000000000000000000000     23 2 00000000025  000000   Y19850001056
1532999994232401   000000 000000 N01 00112500000112500000042500000078740000036240000000002233750E 7003872                                                                                                                                                                                                219 N 2ND ST             240119195680109723121323122600065    00007                            000000000000000000000000000                       000000000000000000000000000                       000000000000000000000000000                       000000000000000000000000000                       000000000000000000000000000     23 2 00000000001 R240123   Y19650002478
1532999994232401   000000 000000 N25 00000010000000010000044000000056530000012530000000000000000 E7003873                                                                                                                                                                                                379 N 2ND ST             240119195730109823120724010200099    00031                            000000000000000000000000000                       000000000000000000000000000                       000000000000000000000000000                       000000000000000000000000000                       000000000000000000000000000     23 2 00000000025  000000   Y19600000896
1532999994232402   000000 000000 N25 00000000100000000100039800000059340000019540000000000000000 E7004885                                                                                                                                                                                                325 S 2ND ST             240209195740193423122024010400095    00011                            000000000000000000000000000                       000000000000000000000000000                       000000000000000000000000000                       000000000000000000000000000                       000000000000000000000000000     23 2 00000000025  000000   Y19530001540
1532999994232402   000000 000000 N25 00000000100000000100038250000055300000017050000000000000000 E7004886                                                                                                                                                                                                512 N BARNEGAT AVE       240209195770099023120524010800068    00047                            000000000000000000000000000                       000000000000000000000000000                       000000000000000000000000000                       000000000000000000000000000                       000000000000000000000000000     23 2 00000000025  000000   Y19610001416
1532999994232402   000000 000000 N25 00000000100000000100075000000117680000042680000000000000000 E7004887                                                                                                                                                                                                28 N 8TH ST              240209195780079123122624010900029    00012                            000000000000000000000000000                       000000000000000000000000000                       000000000000000000000000000                       000000000000000000000000000                       000000000000000000000000000     23 2 00000000025  000000   Y20060001879
1532999994232402   000000 000000 N25 00000000100000000100038250000055300000017050000000000000000 E7004888                                                                                                                                                                                                512 N BARNEGAT AVE       240209195790017923120524010900068    00047                            000000000000000000000000000                       000000000000000000000000000                       000000000000000000000000000                       000000000000000000000000000                       000000000000000000000000000     23 2 00000000025  000000   Y19610001416
1532999994232402   000000 000000 N25 00000000100000000100047150000144640000097490000000000000000 E7004889                                                                                                                                                                                                253 N 18TH ST            240209195790075224010324011000084    00001                            000000000000000000000000000                       000000000000000000000000000                       000000000000000000000000000                       000000000000000000000000000                       000000000000000000000000000     24 2 00000000025  000000   Y20220003185
1532999994232402   000000 000000 N25 00000000100000000100042500000101050000058550000000000000000 E7004890                                                                                                                                                                                                226 N 13TH ST            240209195800071024010524011100075    00012                            000000000000000000000000000                       000000000000000000000000000                       000000000000000000000000000                       000000000000000000000000000                       000000000000000000000000000     24 2 00000000025  000000   Y20080002725
1532999994232402   000000 000000 N25 00000000100000000100038300000064000000025700000000000000000 E7004892                                                                                                                                                                                                245 N 6TH ST             240209195830192324010524011700069    00021                            000000000000000000000000000                       000000000000000000000000000                       000000000000000000000000000                       000000000000000000000000000                       000000000000000000000000000     24 2 00000000025  000000   Y20020001152
1532999994232402   000000 000000 N25 00000000100000000100067500000157770000090270000000000000000 E7004893                                                                                                                                                                                                25 N 15TH ST             240209195870085724011524012200042    00009                            000000000000000000000000000                       000000000000000000000000000                       000000000000000000000000000                       000000000000000000000000000                       000000000000000000000000000     24 2 00000000025  000000   Y20190002324
1532999994232402   000000 000000 N25 00000000100000000100042500000061080000018580000000000000000 E7005583                                                                                                                                                                                                237 N 7TH ST             240301195860053423081724011900070    00015                            000000000000000000000000000                       000000000000000000000000000                       000000000000000000000000000                       000000000000000000000000000                       000000000000000000000000000     23 2 00000000025  000000   Y19550001632
1532999994232402   000000 000000 N25 00000000100000000100048800000066890000018090000000000000000 E7005584                                                                                                                                                                                                242 N 6TH ST             240301195940025624012524013000068    00024                            000000000000000000000000000                       000000000000000000000000000                       000000000000000000000000000                       000000000000000000000000000                       000000000000000000000000000     24 2 00000000025  000000   Y19890001344
1532999994232402   000000 000000 N25 00000000100000000100042500000053660000011160000000000000000 E7005585                                                                                                                                                                                                222 N 6TH ST             240301195950045523120424013100068    00014                            000000000000000000000000000                       000000000000000000000000000                       000000000000000000000000000                       000000000000000000000000000                       000000000000000000000000000     23 2 00000000025  000000   Y19450001326
1532999994232402   000000 000000 N25 00000000100000000100090000000131290000041290000000000000000 E7005586                                                                                                                                                                                                393 N 4TH ST             240301195990046024020224020600101    00037                            000000000000000000000000000                       000000000000000000000000000                       000000000000000000000000000                       000000000000000000000000000                       000000000000000000000000000     24 2 00000000025  000000   Y19770002864
1532999994232403   000000 000000 N04 00220000000220000000038250000105980000067730000000000000000 E7006681                                                                                                                                                                                                7 S CENTRAL AVE          240315196000101223082824020700062    00003                            000000000000000000000000000                       000000000000000000000000000                       000000000000000000000000000                       000000000000000000000000000                       000000000000000000000000000     23 2 000000000   R240703   Y20070003242
1532999994232403   000000 000000 N07 00354000000354000000074760000088400000013640000000007570900ED7006682                                                                                                                                                                                                26 N 24TH ST             240315196000153324011924020700058    00010                            000000000000000000000000000                       000000000000000000000000000                       000000000000000000000000000                       000000000000000000000000000                       000000000000000000000000000     24 2 00000000007 R240319   Y20240002790
1532999994232403   000000 000000 N25 00000000100000000100070000000111950000041950000000000000000 E7006683                                                                                                                                                                                                46 S 2ND ST              240315196070028424012724021500008    00020                            000000000000000000000000000                       000000000000000000000000000                       000000000000000000000000000                       000000000000000000000000000                       000000000000000000000000000     24 2 00000000025  000000   Y19930002613
1532999994232403   000000 000000 N25 00000000000000000000043000000053500000010500000000000000000 E7006685                                                                                                                                                                                                346 N 2ND ST             240315196080132123111824021600098    00020                            000000000000000000000000000                       000000000000000000000000000                       000000000000000000000000000                       000000000000000000000000000                       000000000000000000000000000     23 2 00000000025  000000   Y19670001696
1532999994232403   000000 000000 N25 00000000000000000000038800000111130000072330000000000000000 E7006686                                                                                                                                                                                                222 N 19TH ST            240315196110044924012424022100087    00012                            000000000000000000000000000                       000000000000000000000000000                       000000000000000000000000000                       000000000000000000000000000                       000000000000000000000000000     24 2 00000000025  000000   Y20220002364
1532999994232403   000000 000000 N25 00000000100000000100038250000060970000022720000000000000000 E7006687                                                                                                                                                                                                122 N 22ND ST            240315196160113424021624022800048    00004                            000000000000000000000000000                       000000000000000000000000000                       000000000000000000000000000                       000000000000000000000000000                       000000000000000000000000000     24 2 00000000025  000000   Y19580001754
1532999994232403   000000 000000 N25 00000000100000000100080000000097510000017510000000000000000 E7006688                                                                                                                                                                                                18 N 16TH ST             240315196160186224011124022800042    00008                            000000000000000000000000000                       000000000000000000000000000                       000000000000000000000000000                       000000000000000000000000000                       000000000000000000000000000     24 2 00000000025  000000   Y19300001356
1532999994232404   000000 000000 N25 00000000100000000100088200000112010000023810000000000000000 E7008222                                                                                                                                                                                                356 N 8TH ST             240419196260127724030524031100104    00024                            000000000000000000000000000                       000000000000000000000000000                       000000000000000000000000000                       000000000000000000000000000                       000000000000000000000000000     24 2 00000000025  000000   Y19630001624
1532999994232404   000000 000000 N25 00000000100000000100090000000114390000024390000000000000000 E7008224                                                                                                                                                                                                376 N 1ST ST             240419196370124324030424032200097    00032                            000000000000000000000000000                       000000000000000000000000000                       000000000000000000000000000                       000000000000000000000000000                       000000000000000000000000000     24 2 00000000025  000000   Y19690001832
1532999994232404   000000 000000 N25 00000000100000000100042500000063980000021480000000000000000 E7008227                                                                                                                                                                                                111 N 2ND ST             240419196400042824032024032600013    00007  01                        000000000000000000000000000                       000000000000000000000000000                       000000000000000000000000000                       000000000000000000000000000                       000000000000000000000000000     24 2 00000000025  000000   Y19880001068
1532999994232404   000000 000000 N25 00000001000000001000038250000101940000063690000000000000000 E7008228                                                                                                                                                                                                201 N 23RD ST            240419196420118023100424032800092    00001                            000000000000000000000000000                       000000000000000000000000000                       000000000000000000000000000                       000000000000000000000000000                       000000000000000000000000000     23 2 00000000025  000000   Y20140001802
1532999994232404   000000 000000 N25 00000000100000000100028240000034820000006580000000000000000 E7008229                                                                                                                                                                                                40-C2 N 6TH ST           240419196440105524032924040100022    00020                            000000000000000000000000000                       000000000000000000000000000                       000000000000000000000000000                       000000000000000000000000000                       000000000000000000000000000C2   24 2 00000000025  000000 Y Y19400000668
1532999994232404   000000 000000 N25 00000000100000000100038250000057470000019220000000000000000 E7008231                                                                                                                                                                                                700 N CENTRAL AVE        240419196460000124031324040200024    00001                            000000000000000000000000000                       000000000000000000000000000                       000000000000000000000000000                       000000000000000000000000000                       000000000000000000000000000     24 2 00000000025  000000   Y19550001752
1532999994232405   000000 000000 N12 00115000000115000000041660000085470000043810000000002289000E 7009347                                                                                                                                                                                                718 N LONG BEACH BLVD    240510196630138224041524042200029    00021                            000000000000000000000000000                       000000000000000000000000000                       000000000000000000000000000                       000000000000000000000000000                       000000000000000000000000000     24 2 00000000012 R240514   Y20000002220
1532999994232405   000000 000000 N01 00090000000090000000099750000125110000025360000000000841500E 7009348                                                                                                                                                                                                12 N 3RD ST              240510196640110024041624042300019    00006                            000000000000000000000000000                       000000000000000000000000000                       000000000000000000000000000                       000000000000000000000000000                       000000000000000000000000000     24 2 00000000008 R240514   Y19750001400
1532999994232405   000000 000000 N25 00000000100000000100043000000059720000016720000000000000000 E7009349                                                                                                                                                                                                250 N 25TH ST            240510196660071924041024042500093    00008                            000000000000000000000000000                       000000000000000000000000000                       000000000000000000000000000                       000000000000000000000000000                       000000000000000000000000000     24 2 00000000025  000000   Y19500001322
1532999994232405   000000 000000 N25 00000000100000000100042500000060640000018140000000000000000 E7010201                                                                                                                                                                                                288 N 8TH ST             240524196720135924042624050300070    00036                            000000000000000000000000000                       000000000000000000000000000                       000000000000000000000000000                       000000000000000000000000000                       000000000000000000000000000     24 2 00000000025  000000   Y19500001256
1532999994232405   000000 000000 N25 00000000100000000100050000000121480000071480000000000000000 E7010204                                                                                                                                                                                                101 N 1ST ST             240524196780013524050724050900005    00011                            000000000000000000000000000                       000000000000000000000000000                       000000000000000000000000000                       000000000000000000000000000                       000000000000000000000000000     24 2 00000000025  000000   Y20230002478
1532999994232406   000000 000000 N25 00008956400008956400038250000060700000022450000000000036000E 7011422                                                                                                                                                                                                300 S 2ND ST             240628196920047524041624052800094    00004                            000000000000000000000000000                       000000000000000000000000000                       000000000000000000000000000                       000000000000000000000000000                       000000000000000000000000000     24 2 00000000025 R240702   Y19650001728
1532999994232406   000000 000000 N25 00000000100000000100042500000056500000014000000000000000000 E7011423                                                                                                                                                                                                337 N 5TH ST             240628196930170224052124052900102    00015                            000000000000000000000000000                       000000000000000000000000000                       000000000000000000000000000                       000000000000000000000000000                       000000000000000000000000000     24 2 00000000025  000000   Y19550001712
1532999994232407   000000 000000 N01 00000000100000000100072100000093250000021150000000000000000 E7012295                                                                                                                                                                                                47 N 21ST ST             240712197100178624061224061700053    00013                            000000000000000000000000000                       000000000000000000000000000                       000000000000000000000000000                       000000000000000000000000000                       000000000000000000000000000     24 2 00000000001  000000   Y19500001772
1532999994232407   000000 000000 N25 00000000100000000100042500000053570000011070000000000000000 E7012297                                                                                                                                                                                                112 N 25TH ST            240712197150162724061024062400056    00008                            000000000000000000000000000                       000000000000000000000000000                       000000000000000000000000000                       000000000000000000000000000                       000000000000000000000000000     24 2 00000000025  000000   Y19320000744
1532999994232403   000000 000000 U   00120000000120000000038250000051360000013110004280002399500E 7006910                                                                                                                                                                                                1112 N CENTRAL AVE       240322196250036124022724030700028    00003                            000000000000000000000000000                       000000000000000000000000000                       000000000000000000000000000                       000000000000000000000000000                       000000000000000000000000000     24 2 000000000    000000   Y19450001056
1532999994232404   000000 000000 U   00190000000190000000042500000082200000039700004326003946500E 7008674                                                                                                                                                                                                233 N 1ST ST             240426196490121324022924040500064    00013                            000000000000000000000000000                       000000000000000000000000000                       000000000000000000000000000                       000000000000000000000000000                       000000000000000000000000000     24 2 000000000    000000   Y19890002488
1532999994232312   000000 000000 U   00192500000192500000043400000084990000041590004415003021500EA7002606                                                                                                                                                                                                2416 BAY VISTA DR        231222195420173223111423112000093    00013  02                        000000000000000000000000000                       000000000000000000000000000                       000000000000000000000000000                       000000000000000000000000000                       000000000000000000000000000     23 2 000000000    000000   Y19840002448
1532999994232405   000000 000000 U   00136900000136900000042500000065350000022850004774002772990E 7010203                                                                                                                                                                                                257 N 4TH ST             240524196770141524042924050900067    00023                            000000000000000000000000000                       000000000000000000000000000                       000000000000000000000000000                       000000000000000000000000000                       000000000000000000000000000     24 2 000000000    000000   Y19950001232
1532999994232405   000000 000000 U   00120100000120100000046000000057640000011640004799002401710E 7010202                                                                                                                                                                                                237 N 20TH ST            240524196770126624050324050900089    00015                            000000000000000000000000000                       000000000000000000000000000                       000000000000000000000000000                       000000000000000000000000000                       000000000000000000000000000     24 2 000000000    000000   Y19480001404
1532999994232401   000000 000000 U   00220000000220000000038250000105980000067730004817004609500E 7003720                                                                                                                                                                                                7 S CENTRAL AVE          240119195630165523082823121900062    00003                            000000000000000000000000000                       000000000000000000000000000                       000000000000000000000000000                       000000000000000000000000000                       000000000000000000000000000     23 2 000000000    000000   Y20070003242
1532999994232310   000000 000000 U   00539900000539900000140000000262160000122160004856011679290E 6995428                                                                                                                                                                                                1303 N OCEAN AVE         231020194310030923070523071400040    00001                            000000000000000000000000000                       000000000000000000000000000                       000000000000000000000000000                       000000000000000000000000000                       000000000000000000000000000     23 2 000000000    000000   Y20220003584
1532999994232404   000000 000000 U   00167000000167000000042500000081320000038820004869003438200E 7008675                                                                                                                                                                                                217 N 9TH ST             240426196490136024032224040500072    00007  01                        000000000000000000000000000                       000000000000000000000000000                       000000000000000000000000000                       000000000000000000000000000                       000000000000000000000000000     24 2 000000000    000000   Y19890002568
1532999994232404   000000 000000 U   00125500000125500000033260000061430000028170004895002521050E 7008230                                                                                                                                                                                                1405 N CENTRAL AVE       240419196440107024032124040100080    00002                            000000000000000000000000000                       000000000000000000000000000                       000000000000000000000000000                       000000000000000000000000000                       000000000000000000000000000     24 2 000000000    000000   Y20170001244
1532999994232405   000000 000000 U   00186000000186000000042500000092890000050390004994002912300EA7010199                                                                                                                                                                                                276 N 12TH ST            240524196690039924041524043000074    00032                            000000000000000000000000000                       000000000000000000000000000                       000000000000000000000000000                       000000000000000000000000000                       000000000000000000000000000     24 2 000000000    000000   Y20080002110
1532999994232312   000000 000000 U   00175500000175500000042500000087960000045460005012003626050E 7002692                                                                                                                                                                                                316 N 7TH ST             231222195510152123112323120400103    00008                            000000000000000000000000000                       000000000000000000000000000                       000000000000000000000000000                       000000000000000000000000000                       000000000000000000000000000     23 2 000000000    000000   Y20090002198
1532999994232404   000000 000000 U   00120000000120000000038250000060480000022230005040002399500E 7008268                                                                                                                                                                                                295 N 9TH ST             240419196370096624020724032200072    00037                            000000000000000000000000000                       000000000000000000000000000                       000000000000000000000000000                       000000000000000000000000000                       000000000000000000000000000     24 2 000000000    000000   Y19730001626
1532999994232312   000000 000000 U   00200000000200000000043000000101210000058210005061003147500EA7002690                                                                                                                                                                                                209 N 23RD ST            231222195330080923103123110900092    00005                            000000000000000000000000000                       000000000000000000000000000                       000000000000000000000000000                       000000000000000000000000000                       000000000000000000000000000     23 2 000000000    000000   Y20160002529
1532999994232405   000000 000000 U   00190000000190000000048200000098270000050070005172003946500E 7009350                                                                                                                                                                                                304 N 14TH ST            240510196660130324041224042500110    00003                            000000000000000000000000000                       000000000000000000000000000                       000000000000000000000000000                       000000000000000000000000000                       000000000000000000000000000     24 2 000000000    000000   Y20140002206
1532999994232310   000000 000000 U   00190000000190000000040440000098510000058070005185003946500E 6995857                                                                                                                                                                                                48 S 1ST STREET          231020194490169823072023080300009    00025  01                        000000000000000000000000000                       000000000000000000000000000                       000000000000000000000000000                       000000000000000000000000000                       000000000000000000000000000     23 2 000000000    000000   Y20150002426
1532999994232405   000000 000000 U   00094500000094500000042500000049060000006560005192000893700E 7010200                                                                                                                                                                                                249 S 2ND ST             240524196700063624031824050100061    00019                            000000000000000000000000000                       000000000000000000000000000                       000000000000000000000000000                       000000000000000000000000000                       000000000000000000000000000     24 2 000000000    000000   Y19470000825
1532999994232311   000000 000000 U   00240000000240000000072000000127390000055390005308003819500EA7000802                                                                                                                                                                                                19 N 14TH ST             231117195140190923100623101900041    00007                            000000000000000000000000000                       000000000000000000000000000                       000000000000000000000000000                       000000000000000000000000000                       000000000000000000000000000     23 2 000000000    000000   Y20020002333
1532999994232310   000000 000000 U   00127509300127509300042500000068270000025770005354001929933EA6997885                                                                                                                                                                                                324 N 2ND ST             231020194600108123071423081500098    00010                            000000000000000000000000000                       000000000000000000000000000                       000000000000000000000000000                       000000000000000000000000000                       000000000000000000000000000     23 2 000000000    000000   Y19640001972
1532999994232312   000000 000000 U   00165000000165000000070000000089860000019860005446003394000E 7002604                                                                                                                                                                                                44 N 12TH ST             231222195350112123102023111300033    00018                            000000000000000000000000000                       000000000000000000000000000                       000000000000000000000000000                       000000000000000000000000000                       000000000000000000000000000     23 2 000000000   R240409   Y19700001872
1532999994232407   000000 000000 U   00148500000148500000046000000083840000037840005646003029350E 7012294                                                                                                                                                                                                287 N 16TH ST            240712197060048024051424061100079    00015                            000000000000000000000000000                       000000000000000000000000000                       000000000000000000000000000                       000000000000000000000000000                       000000000000000000000000000     24 2 000000000    000000   Y19420002592
1532999994232405   000000 000000 U   00650000000650000000147000000372310000225310005728014112500E 7009342                                                                                                                                                                                                15 N OCEAN AVE           240510196570123624040224041500011    00003  01                        000000000000000000000000000                       000000000000000000000000000                       000000000000000000000000000                       000000000000000000000000000                       000000000000000000000000000     24 2 000000000    000000   Y20210004427
1532999994232310   000000 000000 U   00275000000275000000140000000160420000020420005833005825000E 6997881                                                                                                                                                                                                6 N 5TH ST               231020194500068023073123080400021    00004                            000000000000000000000000000                       000000000000000000000000000                       000000000000000000000000000                       000000000000000000000000000                       000000000000000000000000000     23 2 000000000   R240315   Y19640001872
1532999994232405   000000 000000 U   00255000000255000000083980000150600000066620005906004071500EA7009345                                                                                                                                                                                                20 N 22ND ST             240510196610116024041224041900053    00006                            000000000000000000000000000                       000000000000000000000000000                       000000000000000000000000000                       000000000000000000000000000                       000000000000000000000000000     24 2 000000000    000000   Y20070001812
1532999994232403   000000 000000 U   00099200000099200000038250000059360000021110005984000948220E 7006909                                                                                                                                                                                                12 N BARNEGAT AVE        240322196240045124022224030700063    00039                            000000000000000000000000000                       000000000000000000000000000                       000000000000000000000000000                       000000000000000000000000000                       000000000000000000000000000     24 2 000000000   R240409   Y19750001437
1532999994232310   000000 000000 U   00085000000085000000042500000050990000008490005999000783500E 6995435                                                                                                                                                                                                1013 N CENTRAL AVE       231020194440168023072423073100073    00003                            000000000000000000000000000                       000000000000000000000000000                       000000000000000000000000000                       000000000000000000000000000                       000000000000000000000000000     23 2 000000000    000000   Y19500000748
1532999994232405   000000 000000 U   00102500000102500000042500000061490000018990005999000987750E 7009346                                                                                                                                                                                                239 S 1ST ST             240510196610128024041624041900062    00015                            000000000000000000000000000                       000000000000000000000000000                       000000000000000000000000000                       000000000000000000000000000                       000000000000000000000000000     24 2 00000000026 R240514   Y00000000000
1532999994232310   000000 000000 U   00087500000087500000042500000053760000011260006144000812500E 6995427                                                                                                                                                                                                256 N 13TH ST            231020194290187323062923071300075    00024                            000000000000000000000000000                       000000000000000000000000000                       000000000000000000000000000                       000000000000000000000000000                       000000000000000000000000000     23 2 000000000    000000   Y19520001344
1532999994232401   000000 000000 U   00095000000095000000042500000060730000018230006393000899500E 7003723                                                                                                                                                                                                262 N 5TH ST             240119195660035123120523122000067    00026                            000000000000000000000000000                       000000000000000000000000000                       000000000000000000000000000                       000000000000000000000000000                       000000000000000000000000000     23 2 000000000    000000   Y19540001224
1532999994232407   000000 000000 U   00305000000305000000085500000195150000109650006398006488000E 7012296                                                                                                                                                                                                1615 N OCEAN TERR        240712197120025624060624061800043    00006                            000000000000000000000000000                       000000000000000000000000000                       000000000000000000000000000                       000000000000000000000000000                       000000000000000000000000000     24 2 000000000    000000   Y20000003586
1532999994232404   000000 000000 U   00095000000095000000042500000061230000018730006445000899500E 7008223                                                                                                                                                                                                216 N 1ST ST             240419196370086424031524032200063    00008                            000000000000000000000000000                       000000000000000000000000000                       000000000000000000000000000                       000000000000000000000000000                       000000000000000000000000000     24 2 000000000    000000   Y19600001632
1532999994232403   000000 000000 U   00092500000092500000042500000061160000018660006612000870500E 7006684                                                                                                                                                                                                316 N 8TH ST             240315196080032023120624021600104    00008                            000000000000000000000000000                       000000000000000000000000000                       000000000000000000000000000                       000000000000000000000000000                       000000000000000000000000000     23 2 000000000    000000   Y19600001606
1532999994232404   000000 000000 U   00133500000133500000042500000088270000045770006612002030300EA7008226                                                                                                                                                                                                333 N 8TH ST             240419196380144924021624032500105    00013                            000000000000000000000000000                       000000000000000000000000000                       000000000000000000000000000                       000000000000000000000000000                       000000000000000000000000000     24 2 000000000    000000   Y19940001680
1532999994232310   000000 000000 U   00153500000153500000078750000103870000025120006767002366300EA6999584                                                                                                                                                                                                34 N 18TH ST             231020194960080123090823092700049    00014                            000000000000000000000000000                       000000000000000000000000000                       000000000000000000000000000                       000000000000000000000000000                       000000000000000000000000000     23 2 000000000    000000   Y19710002496
1532999994232401   000000 000000 U   00165000000165000000090000000111710000021710006770003394000E 7003726                                                                                                                                                                                                358 N 1ST ST             240119195690122223121523122700097    00024                            000000000000000000000000000                       000000000000000000000000000                       000000000000000000000000000                       000000000000000000000000000                       000000000000000000000000000     23 2 000000000    000000   Y19690001584
1532999994232310   000000 000000 U   00200000000200000000090000000136430000046430006822004167500E 6999582                                                                                                                                                                                                10 SHORE AVE             231020194900020523090923092000097    00039                            000000000000000000000000000                       000000000000000000000000000                       000000000000000000000000000                       000000000000000000000000000                       000000000000000000000000000     23 2 000000000    000000   Y19710003000
1532999994232310   000000 000000 U   00130000000130000000075000000088950000013950006842002620500E 6999581                                                                                                                                                                                                27 N 1ST ST              231020194820090723090623091200012    00013                            000000000000000000000000000                       000000000000000000000000000                       000000000000000000000000000                       000000000000000000000000000                       000000000000000000000000000     23 2 000000000   R240315   Y19500001440
1532999994232405   000000 000000 U   00085000000085000000042500000059980000017480007056000783500E 7010205                                                                                                                                                                                                246 N 1ST ST             240524196790033224041324051000063    00020                            000000000000000000000000000                       000000000000000000000000000                       000000000000000000000000000                       000000000000000000000000000                       000000000000000000000000000     24 2 000000000    000000   Y19650001224
1532999994232311   000000 000000 U   00125000000125000000080000000089640000009640007171002510000E 7000297                                                                                                                                                                                                20  N 13TH ST            231110195080114423091523101200039    00010                            000000000000000000000000000                       000000000000000000000000000                       000000000000000000000000000                       000000000000000000000000000                       000000000000000000000000000     23 2 000000000    000000   Y19510000864
1532999994232311   000000 000000 U   00160000000160000000047500000115070000067570007192003283500E 7000807                                                                                                                                                                                                328 N 13TH ST            231117195230121423102323103000109    00012                            000000000000000000000000000                       000000000000000000000000000                       000000000000000000000000000                       000000000000000000000000000                       000000000000000000000000000     23 2 000000000    000000   Y20210001776
1532999994232310   000000 000000 U   00199990000199990000102600000162750000060150008138004167400E 6997884                                                                                                                                                                                                317 N 13TH ST            231020194600105323080323081500110    00007                            000000000000000000000000000                       000000000000000000000000000                       000000000000000000000000000                       000000000000000000000000000                       000000000000000000000000000     23 2 000000000    000000   Y19850004254
1532999994232310   000000 000000 U   00070000000070000000043000000058300000015300008329000624500E 6999579                                                                                                                                                                                                357 N 2ND ST             231020194780027223082923090600099    00023                            000000000000000000000000000                       000000000000000000000000000                       000000000000000000000000000                       000000000000000000000000000                       000000000000000000000000000     23 2 000000000   R240315   Y19670001360
1532999994232404   000000 000000 N25 00000000100000000100061460000092300000030840000000000000000 E7008269                                                                                                                                                                                                1403 N LONG BEACH BLVD   240419196490065324032824040400036    00011                            000000000000000000000000000                       000000000000000000000000000                       000000000000000000000000000                       000000000000000000000000000                       000000000000000000000000000     24 4A64300000025  000000   Y19500003341
1532999994232404   000000 000000 N25 00000000100000000100061460000092300000030840000000000000000 E7008676                                                                                                                                                                                                1403 N LONG BEACH BLVD   240426196490162224032824040500036    00011                            000000000000000000000000000                       000000000000000000000000000                       000000000000000000000000000                       000000000000000000000000000                       000000000000000000000000000     24 4A73800000025  000000   Y19500003341
1532999994232404   000000 000000 U   00127500000127500000056000000080440000024440006309002565250E 7008677                                                                                                                                                                                                53 N 12TH ST             240426196520085224040224040900039    00021                            000000000000000000000000000                       000000000000000000000000000                       000000000000000000000000000                       000000000000000000000000000                       000000000000000000000000000     24 4A738000000   R240501   Y19100002608
